ID_field,ID,FieldN,FieldN_2,Day_swab,Treatment,TotalInitialDoseZoosporesPermL,StrainSpecificInitialDoseZoosporesPermL,Lineage_type,Lineage,Strains,StrainID,Mortality_percentage,Cleared_percentage,Total_Bd_quantity,Number_of_lineages,DNA,VICqtyGPL,VICqtyHyb,FAMqtyBZ,GPL_pg,Brazil_pg,Hybrid,TotalBd,Susceptible,Infected,Dead
78#,78,#,S1,21,Single,2980000,2980000,Enzootic,Brazil,41,E1,62.5,18.75,3402.049,1,Mtr,0,0,0.002788214,0,2.788,0,2.788,0,1,0
78M,78,M,S2,45,Single,2980000,2980000,Enzootic,Brazil,41,E1,62.5,18.75,3402.049,1,Mtr,0,0,0.121036166,0,121.036,0,121.036,0,1,1
100#,100,#,S1,21,Single,2980000,2980000,Enzootic,Brazil,41,E1,62.5,18.75,3402.049,1,Mtr,0,0,0.033706696,0,33.707,0,33.707,0,1,0
100F,100,F,S2,76,Single,2980000,2980000,Enzootic,Brazil,41,E1,62.5,18.75,3402.049,1,Mtr,0,0,0.000384038,0,0.384,0,0.384,0,1,0
131#,131,#,S1,21,Single,2980000,2980000,Enzootic,Brazil,41,E1,62.5,18.75,3402.049,1,Mtr,0,0,0.001185576,0,1.186,0,1.186,0,1,0
131M,131,M,S2,54,Single,2980000,2980000,Enzootic,Brazil,41,E1,62.5,18.75,3402.049,1,Mtr,0,0,0.237432265,0,237.432,0,237.432,0,1,1
140#,140,#,S1,21,Single,2980000,2980000,Enzootic,Brazil,41,E1,62.5,18.75,3402.049,1,Mtr,0,0,0.001234338,0,1.234,0,1.234,0,1,0
140F,140,F,S2,76,Single,2980000,2980000,Enzootic,Brazil,41,E1,62.5,18.75,3402.049,1,Mtr,0,0,0.001788463,0,1.788,0,1.788,0,1,0
162#,162,#,S1,21,Single,2980000,2980000,Enzootic,Brazil,41,E1,62.5,18.75,3402.049,1,Mtr,0,0,0.040764418,0,40.764,0,40.764,0,1,0
162M,162,M,S2,33,Single,2980000,2980000,Enzootic,Brazil,41,E1,62.5,18.75,3402.049,1,Mtr,0,0,0.161355537,0,161.356,0,161.356,0,1,1
212#,212,#,S1,21,Single,2980000,2980000,Enzootic,Brazil,41,E1,62.5,18.75,3402.049,1,Mtr,0,0,0.006218346,0,6.218,0,6.218,0,1,0
212F,212,F,S2,76,Single,2980000,2980000,Enzootic,Brazil,41,E1,62.5,18.75,3402.049,1,Mtr,4.04E-05,2.59E-05,1.42E-05,0,0,0,0,1,0,0
220#,220,#,S1,21,Single,2980000,2980000,Enzootic,Brazil,41,E1,62.5,18.75,3402.049,1,Mtr,0,0,0.000332837,0,0.333,0,0.333,0,1,0
220M,220,M,S2,71,Single,2980000,2980000,Enzootic,Brazil,41,E1,62.5,18.75,3402.049,1,Mtr,0,0,0.006854543,0,6.855,0,6.855,0,1,1
224#,224,#,S1,21,Single,2980000,2980000,Enzootic,Brazil,41,E1,62.5,18.75,3402.049,1,Mtr,0,0,0.023404335,0,23.404,0,23.404,0,1,0
224M,224,M,S2,44,Single,2980000,2980000,Enzootic,Brazil,41,E1,62.5,18.75,3402.049,1,Mtr,0,0,0.180269607,0,180.27,0,180.27,0,1,1
253#,253,#,S1,21,Single,2980000,2980000,Enzootic,Brazil,41,E1,62.5,18.75,3402.049,1,Mtr,0,0,0.003517802,0,3.518,0,3.518,0,1,0
253M,253,M,S2,51,Single,2980000,2980000,Enzootic,Brazil,41,E1,62.5,18.75,3402.049,1,Mtr,0,0,0.683064053,0,683.064,0,683.064,0,1,1
255#,255,#,S1,21,Single,2980000,2980000,Enzootic,Brazil,41,E1,62.5,18.75,3402.049,1,Mtr,0,0,0.009838744,0,9.839,0,9.839,0,1,0
255M,255,M,S2,58,Single,2980000,2980000,Enzootic,Brazil,41,E1,62.5,18.75,3402.049,1,Mtr,0,0,0.700254899,0,700.255,0,700.255,0,1,1
284#,284,#,S1,21,Single,2980000,2980000,Enzootic,Brazil,41,E1,62.5,18.75,3402.049,1,Mtr,0,0,0.001215413,0,1.215,0,1.215,0,1,0
284F,284,F,S2,76,Single,2980000,2980000,Enzootic,Brazil,41,E1,62.5,18.75,3402.049,1,Mtr,0,0,0.001074815,0,1.075,0,1.075,0,1,0
286#,286,#,S1,21,Single,2980000,2980000,Enzootic,Brazil,41,E1,62.5,18.75,3402.049,1,Mtr,0,0,0.001370715,0,1.371,0,1.371,0,1,0
286M,286,M,S2,50,Single,2980000,2980000,Enzootic,Brazil,41,E1,62.5,18.75,3402.049,1,Mtr,0,0,0.438436673,0,438.437,0,438.437,0,1,1
289#,289,#,S1,21,Single,2980000,2980000,Enzootic,Brazil,41,E1,62.5,18.75,3402.049,1,Mtr,0,0,0.006209997,0,6.21,0,6.21,0,1,0
289F,289,F,S2,76,Single,2980000,2980000,Enzootic,Brazil,41,E1,62.5,18.75,3402.049,1,Mtr,0,0,1.55E-06,0,0,0,0,1,0,0
314#,314,#,S1,21,Single,2980000,2980000,Enzootic,Brazil,41,E1,62.5,18.75,3402.049,1,Mtr,0,0,0.000180488,0,0.18,0,0.18,0,1,0
314F,314,F,S2,76,Single,2980000,2980000,Enzootic,Brazil,41,E1,62.5,18.75,3402.049,1,Mtr,0,0,1.16E-05,0,0,0,0,1,0,0
319#,319,#,S1,21,Single,2980000,2980000,Enzootic,Brazil,41,E1,62.5,18.75,3402.049,1,Mtr,0,0,0.005260527,0,5.261,0,5.261,0,1,0
319M,319,M,S2,40,Single,2980000,2980000,Enzootic,Brazil,41,E1,62.5,18.75,3402.049,1,Mtr,0,0,0.602831664,0,602.832,0,602.832,0,1,1
325#,325,#,S1,21,Single,2980000,2980000,Enzootic,Brazil,41,E1,62.5,18.75,3402.049,1,Mtr,0,0,0.008184654,0,8.185,0,8.185,0,1,0
325M,325,M,S2,43,Single,2980000,2980000,Enzootic,Brazil,41,E1,62.5,18.75,3402.049,1,Mtr,0,0,0.121851997,0,121.852,0,121.852,0,1,1
7#,7,#,S1,21,Single,2980000,2980000,Panzootic,GPL,168,P1,93.75,12.5,8349.758,1,Mtr,0.024333302,0.01217735,0,24.333,0,0,24.333,0,1,0
7M,7,M,S2,39,Single,2980000,2980000,Panzootic,GPL,168,P1,93.75,12.5,8349.758,1,Mtr,0.294866421,0.133964199,0,294.866,0,0,294.866,0,1,1
45#,45,#,S1,21,Single,2980000,2980000,Panzootic,GPL,168,P1,93.75,12.5,8349.758,1,Mtr,0.090956453,0.043250663,0,90.956,0,0,90.956,0,1,0
45M,45,M,S2,59,Single,2980000,2980000,Panzootic,GPL,168,P1,93.75,12.5,8349.758,1,Mtr,0.727086417,0.3189767,0,727.086,0,0,727.086,0,1,1
75#,75,#,S1,21,Single,2980000,2980000,Panzootic,GPL,168,P1,93.75,12.5,8349.758,1,Mtr,0.195195257,0.090110608,0,195.195,0,0,195.195,0,1,0
75M,75,M,S2,28,Single,2980000,2980000,Panzootic,GPL,168,P1,93.75,12.5,8349.758,1,Mtr,0.181781184,0.084149959,0,181.781,0,0,181.781,0,1,1
87#,87,#,S1,21,Single,2980000,2980000,Panzootic,GPL,168,P1,93.75,12.5,8349.758,1,Mtr,0.056230207,0.027241028,0,56.23,0,0,56.23,0,1,0
87M,87,M,S2,31,Single,2980000,2980000,Panzootic,GPL,168,P1,93.75,12.5,8349.758,1,Mtr,0.071391047,0.034267282,0,71.391,0,0,71.391,0,1,1
96#,96,#,S1,21,Single,2980000,2980000,Panzootic,GPL,168,P1,93.75,12.5,8349.758,1,Mtr,0.08969551,0.042674155,0,89.696,0,0,89.696,0,1,0
96M,96,M,S2,31,Single,2980000,2980000,Panzootic,GPL,168,P1,93.75,12.5,8349.758,1,Mtr,0.158648702,0.073829923,0,158.649,0,0,158.649,0,1,1
101#,101,#,S1,21,Single,2980000,2980000,Panzootic,GPL,168,P1,93.75,12.5,8349.758,1,Mtr,0.753435707,0.330080574,0,753.436,0,0,753.436,0,1,0
101M,101,M,S2,25,Single,2980000,2980000,Panzootic,GPL,168,P1,93.75,12.5,8349.758,1,Mtr,1.414096222,0.604582811,0,1414.096,0,0,1414.096,0,1,1
141#,141,#,S1,21,Single,2980000,2980000,Panzootic,GPL,168,P1,93.75,12.5,8349.758,1,Mtr,0.450120179,0.201174286,0,450.12,0,0,450.12,0,1,0
141M,141,M,S2,32,Single,2980000,2980000,Panzootic,GPL,168,P1,93.75,12.5,8349.758,1,Mtr,0.211805242,0.097469517,0,211.805,0,0,211.805,0,1,1
184#,184,#,S1,21,Single,2980000,2980000,Panzootic,GPL,168,P1,93.75,12.5,8349.758,1,Mtr,0.174934794,0.08110121,0,174.935,0,0,174.935,0,1,0
184M,184,M,S2,31,Single,2980000,2980000,Panzootic,GPL,168,P1,93.75,12.5,8349.758,1,Mtr,0.377517482,0.169879751,0,377.517,0,0,377.517,0,1,1
190#,190,#,S1,21,Single,2980000,2980000,Panzootic,GPL,168,P1,93.75,12.5,8349.758,1,Mtr,0.069328507,0.033315104,0,69.329,0,0,69.329,0,1,0
190M,190,M,S2,31,Single,2980000,2980000,Panzootic,GPL,168,P1,93.75,12.5,8349.758,1,Mtr,0.118336167,0.055699034,0,118.336,0,0,118.336,0,1,1
201#,201,#,S1,21,Single,2980000,2980000,Panzootic,GPL,168,P1,93.75,12.5,8349.758,1,Mtr,0.056941148,0.027572018,0,56.941,0,0,56.941,0,1,0
201M,201,M,S2,44,Single,2980000,2980000,Panzootic,GPL,168,P1,93.75,12.5,8349.758,1,Mtr,0.074913562,0.035891013,0,74.914,0,0,74.914,0,1,1
239#,239,#,S1,21,Single,2980000,2980000,Panzootic,GPL,168,P1,93.75,12.5,8349.758,1,Mtr,0.26407611,0.120489381,0,264.076,0,0,264.076,0,1,0
239M,239,M,S2,30,Single,2980000,2980000,Panzootic,GPL,168,P1,93.75,12.5,8349.758,1,Mtr,0.09584491,0.0454828,0,95.845,0,0,95.845,0,1,1
249#,249,#,S1,21,Single,2980000,2980000,Panzootic,GPL,168,P1,93.75,12.5,8349.758,1,Mtr,0.081515548,0.038926395,0,81.516,0,0,81.516,0,1,0
249M,249,M,S2,32,Single,2980000,2980000,Panzootic,GPL,168,P1,93.75,12.5,8349.758,1,Mtr,0.9269983,0.402868648,0,926.998,0,0,926.998,0,1,1
273#,273,#,S1,21,Single,2980000,2980000,Panzootic,GPL,168,P1,93.75,12.5,8349.758,1,Mtr,0.040929906,0.020074282,0,40.93,0,0,40.93,0,1,0
273M,273,M,S2,43,Single,2980000,2980000,Panzootic,GPL,168,P1,93.75,12.5,8349.758,1,Mtr,0,0,0,0,0,0,0,1,0,1
307#,307,#,S1,21,Single,2980000,2980000,Panzootic,GPL,168,P1,93.75,12.5,8349.758,1,Mtr,0.160206632,0.074526703,0,160.207,0,0,160.207,0,1,0
307M,307,M,S2,34,Single,2980000,2980000,Panzootic,GPL,168,P1,93.75,12.5,8349.758,1,Mtr,0.091913779,0.04368815,0,91.914,0,0,91.914,0,1,1
332#,332,#,S1,21,Single,2980000,2980000,Panzootic,GPL,168,P1,93.75,12.5,8349.758,1,Mtr,0.140014936,0.065474652,0,140.015,0,0,140.015,0,1,0
332M,332,M,S2,30,Single,2980000,2980000,Panzootic,GPL,168,P1,93.75,12.5,8349.758,1,Mtr,0.916703077,0.398566869,0,916.703,0,0,916.703,0,1,1
350#,350,#,S1,21,Single,2980000,2980000,Panzootic,GPL,168,P1,93.75,12.5,8349.758,1,Mtr,0.039942093,0.019608361,0,39.942,0,0,39.942,0,1,0
350F,350,F,S2,76,Single,2980000,2980000,Panzootic,GPL,168,P1,93.75,12.5,8349.758,1,Mtr,4.30E-06,3.01E-06,8.84E-06,0,0,0,0,1,0,0
5#,5,#,S1,21,Single,2980000,2980000,Enzootic,Brazil,172,E2,87.5,0,2461.334,1,Mtr,0,0,0.043596957,0,43.597,0,43.597,0,1,0
5M,5,M,S2,40,Single,2980000,2980000,Enzootic,Brazil,172,E2,87.5,0,2461.334,1,Mtr,0,0,0.142977926,0,142.978,0,142.978,0,1,1
14#,14,#,S1,21,Single,2980000,2980000,Enzootic,Brazil,172,E2,87.5,0,2461.334,1,Mtr,0,0,0.003394757,0,3.395,0,3.395,0,1,0
14M,14,M,S2,43,Single,2980000,2980000,Enzootic,Brazil,172,E2,87.5,0,2461.334,1,Mtr,0,0,0.100822936,0,100.823,0,100.823,0,1,1
22#,22,#,S1,21,Single,2980000,2980000,Enzootic,Brazil,172,E2,87.5,0,2461.334,1,Mtr,0,0,0.001806575,0,1.807,0,1.807,0,1,0
22M,22,M,S2,48,Single,2980000,2980000,Enzootic,Brazil,172,E2,87.5,0,2461.334,1,Mtr,0,0,0.091465158,0,91.465,0,91.465,0,1,1
44#,44,#,S1,21,Single,2980000,2980000,Enzootic,Brazil,172,E2,87.5,0,2461.334,1,Mtr,0,0,0.02104747,0,21.047,0,21.047,0,1,0
44M,44,M,S2,35,Single,2980000,2980000,Enzootic,Brazil,172,E2,87.5,0,2461.334,1,Mtr,0,0,0.116802582,0,116.803,0,116.803,0,1,1
46#,46,#,S1,21,Single,2980000,2980000,Enzootic,Brazil,172,E2,87.5,0,2461.334,1,Mtr,0,0,0.005035767,0,5.036,0,5.036,0,1,0
46M,46,M,S2,42,Single,2980000,2980000,Enzootic,Brazil,172,E2,87.5,0,2461.334,1,Mtr,0,0,0.051224298,0,51.224,0,51.224,0,1,1
86#,86,#,S1,21,Single,2980000,2980000,Enzootic,Brazil,172,E2,87.5,0,2461.334,1,Mtr,0,0,0.005211285,0,5.211,0,5.211,0,1,0
86M,86,M,S2,34,Single,2980000,2980000,Enzootic,Brazil,172,E2,87.5,0,2461.334,1,Mtr,0,0,0.552048067,0,552.048,0,552.048,0,1,1
97#,97,#,S1,21,Single,2980000,2980000,Enzootic,Brazil,172,E2,87.5,0,2461.334,1,Mtr,0,0,0.010494158,0,10.494,0,10.494,0,1,0
97M,97,M,S2,47,Single,2980000,2980000,Enzootic,Brazil,172,E2,87.5,0,2461.334,1,Mtr,0,0,0.031495572,0,31.496,0,31.496,0,1,1
108#,108,#,S1,21,Single,2980000,2980000,Enzootic,Brazil,172,E2,87.5,0,2461.334,1,Mtr,0,0,0.021795703,0,21.796,0,21.796,0,1,0
108M,108,M,S2,34,Single,2980000,2980000,Enzootic,Brazil,172,E2,87.5,0,2461.334,1,Mtr,0,0,0.02482963,0,24.83,0,24.83,0,1,1
128#,128,#,S1,21,Single,2980000,2980000,Enzootic,Brazil,172,E2,87.5,0,2461.334,1,Mtr,0,0,0.002852631,0,2.853,0,2.853,0,1,0
128F,128,F,S2,76,Single,2980000,2980000,Enzootic,Brazil,172,E2,87.5,0,2461.334,1,Mtr,0,0,0.000509566,0,0.51,0,0.51,0,1,0
152#,152,#,S1,21,Single,2980000,2980000,Enzootic,Brazil,172,E2,87.5,0,2461.334,1,Mtr,0,0,0.00138739,0,1.387,0,1.387,0,1,0
152M,152,M,S2,48,Single,2980000,2980000,Enzootic,Brazil,172,E2,87.5,0,2461.334,1,Mtr,0,0,0.15291283,0,152.913,0,152.913,0,1,1
165#,165,#,S1,21,Single,2980000,2980000,Enzootic,Brazil,172,E2,87.5,0,2461.334,1,Mtr,0,0,0.004091806,0,4.092,0,4.092,0,1,0
165M,165,M,S2,48,Single,2980000,2980000,Enzootic,Brazil,172,E2,87.5,0,2461.334,1,Mtr,0,0,0.07517352,0,75.174,0,75.174,0,1,1
183#,183,#,S1,21,Single,2980000,2980000,Enzootic,Brazil,172,E2,87.5,0,2461.334,1,Mtr,0,0,0.023278892,0,23.279,0,23.279,0,1,0
183M,183,M,S2,55,Single,2980000,2980000,Enzootic,Brazil,172,E2,87.5,0,2461.334,1,Mtr,0,0,0.268130591,0,268.131,0,268.131,0,1,1
243#,243,#,S1,21,Single,2980000,2980000,Enzootic,Brazil,172,E2,87.5,0,2461.334,1,Mtr,0,0,0.007174927,0,7.175,0,7.175,0,1,0
243M,243,M,S2,42,Single,2980000,2980000,Enzootic,Brazil,172,E2,87.5,0,2461.334,1,Mtr,0,0,0.492800633,0,492.801,0,492.801,0,1,1
296#,296,#,S1,21,Single,2980000,2980000,Enzootic,Brazil,172,E2,87.5,0,2461.334,1,Mtr,0,0,0.003885531,0,3.886,0,3.886,0,1,0
296F,296,F,S2,76,Single,2980000,2980000,Enzootic,Brazil,172,E2,87.5,0,2461.334,1,Mtr,0,0,0.00054644,0,0.546,0,0.546,0,1,0
327#,327,#,S1,21,Single,2980000,2980000,Enzootic,Brazil,172,E2,87.5,0,2461.334,1,Mtr,0,0,0.001646625,0,1.647,0,1.647,0,1,0
327M,327,M,S2,44,Single,2980000,2980000,Enzootic,Brazil,172,E2,87.5,0,2461.334,1,Mtr,0,0,0.072592862,0,72.593,0,72.593,0,1,1
338#,338,#,S1,21,Single,2980000,2980000,Enzootic,Brazil,172,E2,87.5,0,2461.334,1,Mtr,0,0,0.027628569,0,27.629,0,27.629,0,1,0
338M,338,M,S2,48,Single,2980000,2980000,Enzootic,Brazil,172,E2,87.5,0,2461.334,1,Mtr,0,0,0.102668348,0,102.668,0,102.668,0,1,1
29#,29,#,S1,21,Single,2980000,2980000,Panzootic,GPL,198,P2,37.5,31.25,825.597,1,Mtr,0.002066358,0.001137795,0,2.066,0,0,2.066,0,1,0
29F,29,F,S2,76,Single,2980000,2980000,Panzootic,GPL,198,P2,37.5,31.25,825.597,1,Mtr,2.17E-06,1.56E-06,2.53E-06,0,0,0,0,1,0,0
76#,76,#,S1,21,Single,2980000,2980000,Panzootic,GPL,198,P2,37.5,31.25,825.597,1,Mtr,0.034400024,0.016985696,0,34.4,0,0,34.4,0,1,0
76F,76,F,S2,76,Single,2980000,2980000,Panzootic,GPL,198,P2,37.5,31.25,825.597,1,Mtr,0.013747765,0.007033863,0,13.748,0,0,13.748,0,1,0
98#,98,#,S1,21,Single,2980000,2980000,Panzootic,GPL,198,P2,37.5,31.25,825.597,1,Mtr,0.002302461,0.001262495,0,2.302,0,0,2.302,0,1,0
98F,98,F,S2,76,Single,2980000,2980000,Panzootic,GPL,198,P2,37.5,31.25,825.597,1,Mtr,0.004208291,0.002254201,0,4.208,0,0,4.208,0,1,0
99#,99,#,S1,21,Single,2980000,2980000,Panzootic,GPL,198,P2,37.5,31.25,825.597,1,Mtr,0.004702243,0.002507979,0,4.702,0,0,4.702,0,1,0
99F,99,F,S2,76,Single,2980000,2980000,Panzootic,GPL,198,P2,37.5,31.25,825.597,1,Mtr,3.63E-07,2.79E-07,1.35E-06,0,0,0,0,1,0,0
148#,148,#,S1,21,Single,2980000,2980000,Panzootic,GPL,198,P2,37.5,31.25,825.597,1,Mtr,0.006936723,0.003644429,0,6.937,0,0,6.937,0,1,0
148F,148,F,S2,76,Single,2980000,2980000,Panzootic,GPL,198,P2,37.5,31.25,825.597,1,Mtr,0.027668072,0.013777453,0,27.668,0,0,27.668,0,1,0
164#,164,#,S1,21,Single,2980000,2980000,Panzootic,GPL,198,P2,37.5,31.25,825.597,1,Mtr,0.018112258,0.009168406,0,18.112,0,0,18.112,0,1,0
164M,164,M,S2,44,Single,2980000,2980000,Panzootic,GPL,198,P2,37.5,31.25,825.597,1,Mtr,0.033616703,0.016613739,0,33.617,0,0,33.617,0,1,1
166#,166,#,S1,21,Single,2980000,2980000,Panzootic,GPL,198,P2,37.5,31.25,825.597,1,Mtr,0.007914945,0.004137163,0,7.915,0,0,7.915,0,1,0
166M,166,M,S2,65,Single,2980000,2980000,Panzootic,GPL,198,P2,37.5,31.25,825.597,1,Mtr,0.060760073,0.029347292,0,60.76,0,0,60.76,0,1,1
173#,173,#,S1,21,Single,2980000,2980000,Panzootic,GPL,198,P2,37.5,31.25,825.597,1,Mtr,0.038303847,0.018834658,0,38.304,0,0,38.304,0,1,0
173M,173,M,S2,55,Single,2980000,2980000,Panzootic,GPL,198,P2,37.5,31.25,825.597,1,Mtr,0.00183259,0.001013782,0,1.833,0,0,1.833,0,1,1
180#,180,#,S1,21,Single,2980000,2980000,Panzootic,GPL,198,P2,37.5,31.25,825.597,1,Mtr,0.019408122,0.009798096,0,19.408,0,0,19.408,0,1,0
180F,180,F,S2,76,Single,2980000,2980000,Panzootic,GPL,198,P2,37.5,31.25,825.597,1,Mtr,0.000948202,0.000538109,0,0.948,0,0,0.948,0,1,0
185#,185,#,S1,21,Single,2980000,2980000,Panzootic,GPL,198,P2,37.5,31.25,825.597,1,Mtr,0.029876131,0.014832764,0,29.876,0,0,29.876,0,1,0
185F,185,F,S2,76,Single,2980000,2980000,Panzootic,GPL,198,P2,37.5,31.25,825.597,1,Mtr,8.43E-06,5.75E-06,2.64E-06,0,0,0,0,1,0,0
192#,192,#,S1,21,Single,2980000,2980000,Panzootic,GPL,198,P2,37.5,31.25,825.597,1,Mtr,0.013834401,0.007076466,0,13.834,0,0,13.834,0,1,0
192M,192,M,S2,59,Single,2980000,2980000,Panzootic,GPL,198,P2,37.5,31.25,825.597,1,Mtr,0.106127412,0.050163804,0,106.127,0,0,106.127,0,1,1
258#,258,#,S1,21,Single,2980000,2980000,Panzootic,GPL,198,P2,37.5,31.25,825.597,1,Mtr,0.007123176,0.003738543,0,7.123,0,0,7.123,0,1,0
258F,258,F,S2,76,Single,2980000,2980000,Panzootic,GPL,198,P2,37.5,31.25,825.597,1,Mtr,6.88E-05,4.32E-05,0,0,0,0,0,1,0,0
293#,293,#,S1,21,Single,2980000,2980000,Panzootic,GPL,198,P2,37.5,31.25,825.597,1,Mtr,0.074496406,0.035698879,0,74.496,0,0,74.496,0,1,0
293M,293,M,S2,31,Single,2980000,2980000,Panzootic,GPL,198,P2,37.5,31.25,825.597,1,Mtr,0.038815221,0.019076303,0,38.815,0,0,38.815,0,1,1
305#,305,#,S1,21,Single,2980000,2980000,Panzootic,GPL,198,P2,37.5,31.25,825.597,1,Mtr,0.170355774,0.079059566,0,170.356,0,0,170.356,0,1,0
305M,305,M,S2,49,Single,2980000,2980000,Panzootic,GPL,198,P2,37.5,31.25,825.597,1,Mtr,0.074548423,0.03572284,0,74.548,0,0,74.548,0,1,1
321#,321,#,S1,21,Single,2980000,2980000,Panzootic,GPL,198,P2,37.5,31.25,825.597,1,Mtr,0.017527702,0.008883792,0,17.528,0,0,17.528,0,1,0
321F,321,F,S2,76,Single,2980000,2980000,Panzootic,GPL,198,P2,37.5,31.25,825.597,1,Mtr,0.000257775,0.000153862,0,0.258,0,0,0.258,0,1,0
331#,331,#,S1,21,Single,2980000,2980000,Panzootic,GPL,198,P2,37.5,31.25,825.597,1,Mtr,0.015708399,0.007995577,0,15.708,0,0,15.708,0,1,0
331F,331,F,S2,76,Single,2980000,2980000,Panzootic,GPL,198,P2,37.5,31.25,825.597,1,Mtr,5.14E-06,3.57E-06,5.01E-06,0,0,0,0,1,0,0
12#,12,#,S1,21,Coinfected,2980000,1490000,E-P Coinfection,GxB,168_041,P1-E1,56.25,33.33,3284.201,2,Mtr,0.036938485,0.018188855,0,36.938,0,0,36.938,0,1,0
12M,12,M,S2,33,Coinfected,2980000,1490000,E-P Coinfection,GxB,168_041,P1-E1,56.25,33.33,3284.201,2,Mtr,0.220402093,0.101269386,0,220.402,0,0,220.402,0,1,1
36#,36,#,S1,21,Coinfected,2980000,1490000,E-P Coinfection,GxB,168_041,P1-E1,56.25,33.33,3284.201,2,Mtr,0.173717989,0.080558878,0,173.718,0,0,173.718,0,1,0
36M,36,M,S2,34,Coinfected,2980000,1490000,E-P Coinfection,GxB,168_041,P1-E1,56.25,33.33,3284.201,2,Mtr,0.087653057,0.041739667,0,87.653,0,0,87.653,0,1,1
60#,60,#,S1,21,Coinfected,2980000,1490000,E-P Coinfection,GxB,168_041,P1-E1,56.25,33.33,3284.201,2,Mtr,0.013028375,0.006679696,0,13.028,0,0,13.028,0,1,0
60M,60,M,S2,33,Coinfected,2980000,1490000,E-P Coinfection,GxB,168_041,P1-E1,56.25,33.33,3284.201,2,Mtr,0.254840792,0.116436131,0,254.841,0,0,254.841,0,1,1
81#,81,#,S1,21,Coinfected,2980000,1490000,E-P Coinfection,GxB,168_041,P1-E1,56.25,33.33,3284.201,2,Mtr,0.028670751,0.014257059,0,28.671,0,0,28.671,0,1,0
81M,81,M,S2,NA,Coinfected,2980000,1490000,E-P Coinfection,GxB,168_041,P1-E1,56.25,33.33,3284.201,2,Mtr,0.163482611,0.075991021,0,163.483,0,0,163.483,0,1,0
118#,118,#,S1,21,Coinfected,2980000,1490000,E-P Coinfection,GxB,168_041,P1-E1,56.25,33.33,3284.201,2,Mtr,0.035871305,0.017683445,0,35.871,0,0,35.871,0,1,0
118F,118,F,S2,76,Coinfected,2980000,1490000,E-P Coinfection,GxB,168_041,P1-E1,56.25,33.33,3284.201,2,Mtr,9.62E-07,7.13E-07,4.79E-06,0,0,0,0,1,0,0
130#,130,#,S1,21,Coinfected,2980000,1490000,E-P Coinfection,GxB,168_041,P1-E1,56.25,33.33,3284.201,2,Mtr,0.049452907,0.024077274,0,49.453,0,0,49.453,0,1,0
130M,130,M,S2,44,Coinfected,2980000,1490000,E-P Coinfection,GxB,168_041,P1-E1,56.25,33.33,3284.201,2,Mtr,0.156558572,0.072894701,0,156.559,0,0,156.559,0,1,1
170#,170,#,S1,21,Coinfected,2980000,1490000,E-P Coinfection,GxB,168_041,P1-E1,56.25,33.33,3284.201,2,Mtr,0.313765238,0.142207553,0,313.765,0,0,313.765,0,1,0
170M,170,M,S2,22,Coinfected,2980000,1490000,E-P Coinfection,GxB,168_041,P1-E1,56.25,33.33,3284.201,2,Mtr,0.022067918,0.011085566,0,22.068,0,0,22.068,0,1,1
191#,191,#,S1,21,Coinfected,2980000,1490000,E-P Coinfection,GxB,168_041,P1-E1,56.25,33.33,3284.201,2,Mtr,0.005590928,0.002962029,0,5.591,0,0,5.591,0,1,0
191M,191,M,S2,46,Coinfected,2980000,1490000,E-P Coinfection,GxB,168_041,P1-E1,56.25,33.33,3284.201,2,Mtr,0.015873732,0.008076454,0,15.874,0,0,15.874,0,1,1
195#,195,#,S1,21,Coinfected,2980000,1490000,E-P Coinfection,GxB,168_041,P1-E1,56.25,33.33,3284.201,2,Mtr,0.008363653,0.004362371,0.001637799,8.364,1.638,0,10.002,0,1,0
195F,195,F,S2,76,Coinfected,2980000,1490000,E-P Coinfection,GxB,168_041,P1-E1,56.25,33.33,3284.201,2,Mtr,3.58E-06,2.52E-06,0,0,0,0,0,1,0,0
250#,250,#,S1,21,Coinfected,2980000,1490000,E-P Coinfection,GxB,168_041,P1-E1,56.25,33.33,3284.201,2,Mtr,0.001754974,0.000972474,0,1.755,0,0,1.755,0,1,0
250F,250,F,S2,76,Coinfected,2980000,1490000,E-P Coinfection,GxB,168_041,P1-E1,56.25,33.33,3284.201,2,Mtr,6.91E-06,4.75E-06,7.13E-06,0,0,0,0,1,0,0
251#,251,#,S1,21,Coinfected,2980000,1490000,E-P Coinfection,GxB,168_041,P1-E1,56.25,33.33,3284.201,2,Mtr,0.008974561,0.00466824,0,8.975,0,0,8.975,0,1,0
251F,251,F,S2,76,Coinfected,2980000,1490000,E-P Coinfection,GxB,168_041,P1-E1,56.25,33.33,3284.201,2,Mtr,5.34E-05,3.39E-05,6.98E-06,0,0,0,0,1,0,0
254#,254,#,S1,21,Coinfected,2980000,1490000,E-P Coinfection,GxB,168_041,P1-E1,56.25,33.33,3284.201,2,Mtr,0.007574432,0.003965929,0,7.574,0,0,7.574,0,1,0
254F,254,F,S2,76,Coinfected,2980000,1490000,E-P Coinfection,GxB,168_041,P1-E1,56.25,33.33,3284.201,2,Mtr,1.72E-06,1.24E-06,9.32E-07,0,0,0,0,1,0,0
267#,267,#,S1,21,Coinfected,2980000,1490000,E-P Coinfection,GxB,168_041,P1-E1,56.25,33.33,3284.201,2,Mtr,0.020811221,0.010478061,0,20.811,0,0,20.811,0,1,0
267F,267,F,S2,76,Coinfected,2980000,1490000,E-P Coinfection,GxB,168_041,P1-E1,56.25,33.33,3284.201,2,Mtr,0.000540218,0.000313334,1.15E-04,0.54,0.115,0,0.655,0,1,0
274#,274,#,S1,21,Coinfected,2980000,1490000,E-P Coinfection,GxB,168_041,P1-E1,56.25,33.33,3284.201,2,Mtr,0.101703524,0.048152134,0,101.704,0,0,101.704,0,1,0
274M,274,M,S2,30,Coinfected,2980000,1490000,E-P Coinfection,GxB,168_041,P1-E1,56.25,33.33,3284.201,2,Mtr,1.183526878,0.509507717,0,1183.527,0,0,1183.527,0,1,1
287#,287,#,S1,21,Coinfected,2980000,1490000,E-P Coinfection,GxB,168_041,P1-E1,56.25,33.33,3284.201,2,Mtr,0.285748523,0.129979871,0,285.749,0,0,285.749,0,1,0
287M,287,M,S2,30,Coinfected,2980000,1490000,E-P Coinfection,GxB,168_041,P1-E1,56.25,33.33,3284.201,2,Mtr,0.08728673,0.041571972,0,87.287,0,0,87.287,0,1,1
4#,4,#,S1,21,Coinfected,2980000,1490000,E-P Coinfection,GxB,168_172,P1-E2,93.75,13.33,3175.471,2,Mtr,0.014980226,0.007638976,0,14.98,0,0,14.98,0,1,0
4M,4,M,S2,34,Coinfected,2980000,1490000,E-P Coinfection,GxB,168_172,P1-E2,93.75,13.33,3175.471,2,Mtr,0.252362592,0.115347524,0,252.363,0,0,252.363,0,1,1
8#,8,#,S1,21,Coinfected,2980000,1490000,E-P Coinfection,GxB,168_172,P1-E2,93.75,13.33,3175.471,2,Mtr,0.009930442,0.005145234,0,9.93,0,0,9.93,0,1,0
8M,8,M,S2,35,Coinfected,2980000,1490000,E-P Coinfection,GxB,168_172,P1-E2,93.75,13.33,3175.471,2,Mtr,0.002113032,0.001162488,0,2.113,0,0,2.113,0,1,1
31#,31,#,S1,21,Coinfected,2980000,1490000,E-P Coinfection,GxB,168_172,P1-E2,93.75,13.33,3175.471,2,Mtr,0.045861964,0.022394272,0,45.862,0,0,45.862,0,1,0
31M,31,M,S2,40,Coinfected,2980000,1490000,E-P Coinfection,GxB,168_172,P1-E2,93.75,13.33,3175.471,2,Mtr,0.220709992,0.101405371,0,220.71,0,0,220.71,0,1,1
40#,40,#,S1,21,Coinfected,2980000,1490000,E-P Coinfection,GxB,168_172,P1-E2,93.75,13.33,3175.471,2,Mtr,0.015940351,0.008109033,0,15.94,0,0,15.94,0,1,0
40M,40,M,S2,44,Coinfected,2980000,1490000,E-P Coinfection,GxB,168_172,P1-E2,93.75,13.33,3175.471,2,Mtr,0.819834525,0.357996212,0,819.835,0,0,819.835,0,1,1
42#,42,#,S1,21,Coinfected,2980000,1490000,E-P Coinfection,GxB,168_172,P1-E2,93.75,13.33,3175.471,2,Mtr,0.033970522,0.01678179,0,33.971,0,0,33.971,0,1,0
42M,42,M,S2,34,Coinfected,2980000,1490000,E-P Coinfection,GxB,168_172,P1-E2,93.75,13.33,3175.471,2,Mtr,0.281787149,0.128247307,0,281.787,0,0,281.787,0,1,1
95#,95,#,S1,21,Coinfected,2980000,1490000,E-P Coinfection,GxB,168_172,P1-E2,93.75,13.33,3175.471,2,Mtr,0.023449554,0.011751924,0,23.45,0,0,23.45,0,1,0
95M,95,M,S2,52,Coinfected,2980000,1490000,E-P Coinfection,GxB,168_172,P1-E2,93.75,13.33,3175.471,2,Mtr,0.007289158,0.003822243,0.003260647,7.289,3.261,0,10.55,0,1,1
112#,112,#,S1,21,Coinfected,2980000,1490000,E-P Coinfection,GxB,168_172,P1-E2,93.75,13.33,3175.471,2,Mtr,0.016552648,0.008408223,0,16.553,0,0,16.553,0,1,0
112M,112,M,S2,27,Coinfected,2980000,1490000,E-P Coinfection,GxB,168_172,P1-E2,93.75,13.33,3175.471,2,Mtr,0.053102157,0.025782756,0,53.102,0,0,53.102,0,1,1
155#,155,#,S1,21,Coinfected,2980000,1490000,E-P Coinfection,GxB,168_172,P1-E2,93.75,13.33,3175.471,2,Mtr,0.017405784,0.008824386,0,17.406,0,0,17.406,0,1,0
155M,155,M,S2,44,Coinfected,2980000,1490000,E-P Coinfection,GxB,168_172,P1-E2,93.75,13.33,3175.471,2,Mtr,0.04349246,0.021280956,0,43.492,0,0,43.492,0,1,1
194#,194,#,S1,21,Coinfected,2980000,1490000,E-P Coinfection,GxB,168_172,P1-E2,93.75,13.33,3175.471,2,Mtr,0.012312206,0.00632636,0,12.312,0,0,12.312,0,1,0
194M,194,M,S2,36,Coinfected,2980000,1490000,E-P Coinfection,GxB,168_172,P1-E2,93.75,13.33,3175.471,2,Mtr,0.121856696,0.057290965,0,121.857,0,0,121.857,0,1,1
209#,209,#,S1,21,Coinfected,2980000,1490000,E-P Coinfection,GxB,168_172,P1-E2,93.75,13.33,3175.471,2,Mtr,0.002130805,0.001171885,0,2.131,0,0,2.131,0,1,0
209F,209,F,S2,76,Coinfected,2980000,1490000,E-P Coinfection,GxB,168_172,P1-E2,93.75,13.33,3175.471,2,Mtr,1.32E-05,8.86E-06,2.52E-05,0,0,0,0,1,0,0
210#,210,#,S1,21,Coinfected,2980000,1490000,E-P Coinfection,GxB,168_172,P1-E2,93.75,13.33,3175.471,2,Mtr,0.013970254,0.007143251,0,13.97,0,0,13.97,0,1,0
210M,210,M,S2,34,Coinfected,2980000,1490000,E-P Coinfection,GxB,168_172,P1-E2,93.75,13.33,3175.471,2,Mtr,0.27594782,0.125691667,0,275.948,0,0,275.948,0,1,1
262#,262,#,S1,21,Coinfected,2980000,1490000,E-P Coinfection,GxB,168_172,P1-E2,93.75,13.33,3175.471,2,Mtr,0.004478012,0.002392911,0.002958013,4.478,2.958,0,7.436,0,1,0
262M,262,M,S2,41,Coinfected,2980000,1490000,E-P Coinfection,GxB,168_172,P1-E2,93.75,13.33,3175.471,2,Mtr,0,0,0,0,0,0,0,1,0,1
280#,280,#,S1,21,Coinfected,2980000,1490000,E-P Coinfection,GxB,168_172,P1-E2,93.75,13.33,3175.471,2,Mtr,0.051604004,0.02508316,0,51.604,0,0,51.604,0,1,0
280M,280,M,S2,31,Coinfected,2980000,1490000,E-P Coinfection,GxB,168_172,P1-E2,93.75,13.33,3175.471,2,Mtr,0.791715553,0.346185455,0,791.716,0,0,791.716,0,1,1
300#,300,#,S1,21,Coinfected,2980000,1490000,E-P Coinfection,GxB,168_172,P1-E2,93.75,13.33,3175.471,2,Mtr,0.004092419,0.002194507,0.000794947,4.092,0.795,0,4.887,0,1,0
300M,300,M,S2,49,Coinfected,2980000,1490000,E-P Coinfection,GxB,168_172,P1-E2,93.75,13.33,3175.471,2,Mtr,0.024987361,0.012491819,0.019932795,24.987,19.933,0,44.92,0,1,1
309#,309,#,S1,21,Coinfected,2980000,1490000,E-P Coinfection,GxB,168_172,P1-E2,93.75,13.33,3175.471,2,Mtr,0.007350469,0.003853142,0,7.35,0,0,7.35,0,1,0
309M,309,M,S2,52,Coinfected,2980000,1490000,E-P Coinfection,GxB,168_172,P1-E2,93.75,13.33,3175.471,2,Mtr,0.00624281,0.003293284,0.00328042,6.243,3.28,0,9.523,0,1,1
15#,15,#,S1,21,Coinfected,2980000,1490000,E-P Coinfection,GxB,198_041,P2-E1,50,92.86,93.944,2,Mtr,0.002848723,0.001549189,0.00406441,2.849,4.064,0,6.913,0,1,0
15M,15,M,S2,56,Coinfected,2980000,1490000,E-P Coinfection,GxB,198_041,P2-E1,50,92.86,93.944,2,Mtr,0,0,0.367925847,0,367.926,0,367.926,0,1,1
23#,23,#,S1,21,Coinfected,2980000,1490000,E-P Coinfection,GxB,198_041,P2-E1,50,92.86,93.944,2,Mtr,0,0,0.013738493,0,13.738,0,13.738,0,1,0
23M,23,M,S2,47,Coinfected,2980000,1490000,E-P Coinfection,GxB,198_041,P2-E1,50,92.86,93.944,2,Mtr,0,0,3.226221121,0,3226.221,0,3226.221,0,1,1
30#,30,#,S1,21,Coinfected,2980000,1490000,E-P Coinfection,GxB,198_041,P2-E1,50,92.86,93.944,2,Mtr,0,0,0.014198249,0,14.198,0,14.198,0,1,0
30M,30,M,S2,39,Coinfected,2980000,1490000,E-P Coinfection,GxB,198_041,P2-E1,50,92.86,93.944,2,Mtr,0,0,1.716886201,0,1716.886,0,1716.886,0,1,1
65#,65,#,S1,21,Coinfected,2980000,1490000,E-P Coinfection,GxB,198_041,P2-E1,50,92.86,93.944,2,Mtr,0,0,0.029647772,0,29.648,0,29.648,0,1,0
65M,65,M,S2,40,Coinfected,2980000,1490000,E-P Coinfection,GxB,198_041,P2-E1,50,92.86,93.944,2,Mtr,0,0,0.259099843,0,259.1,0,259.1,0,1,1
84#,84,#,S1,21,Coinfected,2980000,1490000,E-P Coinfection,GxB,198_041,P2-E1,50,92.86,93.944,2,Mtr,0.002451743,0.001341081,0.006947259,2.452,6.947,0,9.399,0,1,0
84M,84,M,S2,37,Coinfected,2980000,1490000,E-P Coinfection,GxB,198_041,P2-E1,50,92.86,93.944,2,Mtr,0,0,0.580574682,0,580.575,0,580.575,0,1,1
120#,120,#,S1,21,Coinfected,2980000,1490000,E-P Coinfection,GxB,198_041,P2-E1,50,92.86,93.944,2,Mtr,0,0,0.002586129,0,2.586,0,2.586,0,1,0
120F,120,F,S2,76,Coinfected,2980000,1490000,E-P Coinfection,GxB,198_041,P2-E1,50,92.86,93.944,2,Mtr,0,0,0.012141077,0,12.141,0,12.141,0,1,0
133#,133,#,S1,21,Coinfected,2980000,1490000,E-P Coinfection,GxB,198_041,P2-E1,50,92.86,93.944,2,Mtr,0.000754699,0.000432101,0.001208899,0.755,1.209,0,1.964,0,1,0
133F,133,F,S2,76,Coinfected,2980000,1490000,E-P Coinfection,GxB,198_041,P2-E1,50,92.86,93.944,2,Mtr,7.42E-06,5.08E-06,6.13E-05,0,0,0,0,1,0,0
156#,156,#,S1,21,Coinfected,2980000,1490000,E-P Coinfection,GxB,198_041,P2-E1,50,92.86,93.944,2,Mtr,0.001453526,0.000811339,0.001979402,1.454,1.979,0,3.433,0,1,0
156F,156,F,S2,76,Coinfected,2980000,1490000,E-P Coinfection,GxB,198_041,P2-E1,50,92.86,93.944,2,Mtr,7.49E-06,5.13E-06,6.54E-05,0,0,0,0,1,0,0
244#,244,#,S1,21,Coinfected,2980000,1490000,E-P Coinfection,GxB,198_041,P2-E1,50,92.86,93.944,2,Mtr,0,0,0.003565385,0,3.565,0,3.565,0,1,0
244F,244,F,S2,76,Coinfected,2980000,1490000,E-P Coinfection,GxB,198_041,P2-E1,50,92.86,93.944,2,Mtr,1.59E-06,1.16E-06,2.25E-06,0,0,0,0,1,0,0
269#,269,#,S1,21,Coinfected,2980000,1490000,E-P Coinfection,GxB,198_041,P2-E1,50,92.86,93.944,2,Mtr,0,0,0.00094032,0,0.94,0,0.94,0,1,0
269F,269,F,S2,76,Coinfected,2980000,1490000,E-P Coinfection,GxB,198_041,P2-E1,50,92.86,93.944,2,Mtr,2.14E-06,1.54E-06,3.68E-06,0,0,0,0,1,0,0
275#,275,#,S1,21,Coinfected,2980000,1490000,E-P Coinfection,GxB,198_041,P2-E1,50,92.86,93.944,2,Mtr,0.000623758,0.000359778,0.00147287,0.624,1.473,0,2.097,0,1,0
275M,275,M,S2,50,Coinfected,2980000,1490000,E-P Coinfection,GxB,198_041,P2-E1,50,92.86,93.944,2,Mtr,0,0,0.034787915,0,34.788,0,34.788,0,1,1
295#,295,#,S1,21,Coinfected,2980000,1490000,E-P Coinfection,GxB,198_041,P2-E1,50,92.86,93.944,2,Mtr,0.000685873,0.000394152,0.003195592,0.686,3.196,0,3.882,0,1,0
295M,295,M,S2,57,Coinfected,2980000,1490000,E-P Coinfection,GxB,198_041,P2-E1,50,92.86,93.944,2,Mtr,0.082201196,0.039241075,0.518265687,82.201,518.266,0,600.467,0,1,1
306#,306,#,S1,21,Coinfected,2980000,1490000,E-P Coinfection,GxB,198_041,P2-E1,50,92.86,93.944,2,Mtr,0.001313613,0.000736123,0.005278227,1.314,5.278,0,6.592,0,1,0
306F,306,F,S2,76,Coinfected,2980000,1490000,E-P Coinfection,GxB,198_041,P2-E1,50,92.86,93.944,2,Mtr,0,0,2.75E-06,0,0,0,0,1,0,0
328#,328,#,S1,21,Coinfected,2980000,1490000,E-P Coinfection,GxB,198_041,P2-E1,50,92.86,93.944,2,Mtr,0.001609464,0.00089484,0.005889022,1.609,5.889,0,7.498,0,1,0
328M,328,M,S2,56,Coinfected,2980000,1490000,E-P Coinfection,GxB,198_041,P2-E1,50,92.86,93.944,2,Mtr,0,0,0.201400781,0,201.401,0,201.401,0,1,1
10#,10,#,S1,21,Coinfected,2980000,1490000,E-P Coinfection,GxB,198_172,P2-E2,75,87.5,196.504,2,Mtr,0.005903763,0.003121173,0.008836083,5.904,8.836,0,14.74,0,1,0
10M,10,M,S2,43,Coinfected,2980000,1490000,E-P Coinfection,GxB,198_172,P2-E2,75,87.5,196.504,2,Mtr,0.127334842,0.059764577,0.285800215,127.335,285.8,0,413.135,0,1,1
41#,41,#,S1,21,Coinfected,2980000,1490000,E-P Coinfection,GxB,198_172,P2-E2,75,87.5,196.504,2,Mtr,0.001998273,0.001101735,0.001924334,1.998,1.924,0,3.922,0,1,0
41M,41,M,S2,64,Coinfected,2980000,1490000,E-P Coinfection,GxB,198_172,P2-E2,75,87.5,196.504,2,Mtr,0,0,0.157711875,0,157.712,0,157.712,0,1,1
52#,52,#,S1,21,Coinfected,2980000,1490000,E-P Coinfection,GxB,198_172,P2-E2,75,87.5,196.504,2,Mtr,0.015973765,0.008125372,0.006197494,15.974,6.197,0,22.171,0,1,0
52M,52,M,S2,45,Coinfected,2980000,1490000,E-P Coinfection,GxB,198_172,P2-E2,75,87.5,196.504,2,Mtr,0,0,0.074670213,0,74.67,0,74.67,0,1,1
69#,69,#,S1,21,Coinfected,2980000,1490000,E-P Coinfection,GxB,198_172,P2-E2,75,87.5,196.504,2,Mtr,0.000817206,0.000466448,0.000430209,0.817,0.43,0,1.247,0,1,0
69F,69,F,S2,76,Coinfected,2980000,1490000,E-P Coinfection,GxB,198_172,P2-E2,75,87.5,196.504,2,Mtr,0,0,0.021260631,0,21.261,0,21.261,0,1,0
70#,70,#,S1,21,Coinfected,2980000,1490000,E-P Coinfection,GxB,198_172,P2-E2,75,87.5,196.504,2,Mtr,0.002374272,0.001300322,0.001565718,2.374,1.566,0,3.94,0,1,0
70M,70,M,S2,49,Coinfected,2980000,1490000,E-P Coinfection,GxB,198_172,P2-E2,75,87.5,196.504,2,Mtr,0,0,0.720777759,0,720.778,0,720.778,0,1,1
77#,77,#,S1,21,Coinfected,2980000,1490000,E-P Coinfection,GxB,198_172,P2-E2,75,87.5,196.504,2,Mtr,0.009371475,0.004866531,0.007591445,9.371,7.591,0,16.962,0,1,0
77M,77,M,S2,53,Coinfected,2980000,1490000,E-P Coinfection,GxB,198_172,P2-E2,75,87.5,196.504,2,Mtr,0,0,0.181728693,0,181.729,0,181.729,0,1,1
102#,102,#,S1,21,Coinfected,2980000,1490000,E-P Coinfection,GxB,198_172,P2-E2,75,87.5,196.504,2,Mtr,0.010596457,0.005476519,0.005833896,10.596,5.834,0,16.43,0,1,0
102M,102,M,S2,51,Coinfected,2980000,1490000,E-P Coinfection,GxB,198_172,P2-E2,75,87.5,196.504,2,Mtr,0,0,0.1833227,0,183.323,0,183.323,0,1,1
113#,113,#,S1,21,Coinfected,2980000,1490000,E-P Coinfection,GxB,198_172,P2-E2,75,87.5,196.504,2,Mtr,0,0,0.000675217,0,0.675,0,0.675,0,1,0
113M,113,M,S2,60,Coinfected,2980000,1490000,E-P Coinfection,GxB,198_172,P2-E2,75,87.5,196.504,2,Mtr,0,0,0.045880604,0,45.881,0,45.881,0,1,1
116#,116,#,S1,21,Coinfected,2980000,1490000,E-P Coinfection,GxB,198_172,P2-E2,75,87.5,196.504,2,Mtr,0,0,0.001365201,0,1.365,0,1.365,0,1,0
116M,116,M,S2,63,Coinfected,2980000,1490000,E-P Coinfection,GxB,198_172,P2-E2,75,87.5,196.504,2,Mtr,0,0,0.219927893,0,219.928,0,219.928,0,1,1
138#,138,#,S1,21,Coinfected,2980000,1490000,E-P Coinfection,GxB,198_172,P2-E2,75,87.5,196.504,2,Mtr,0,0,0.002586129,0,2.586,0,2.586,0,1,0
138M,138,M,S2,50,Coinfected,2980000,1490000,E-P Coinfection,GxB,198_172,P2-E2,75,87.5,196.504,2,Mtr,0,0,0.293978807,0,293.979,0,293.979,0,1,1
143#,143,#,S1,21,Coinfected,2980000,1490000,E-P Coinfection,GxB,198_172,P2-E2,75,87.5,196.504,2,Mtr,0.00043208,0.000252791,0.000919704,0.432,0.92,0,1.352,0,1,0
143M,143,M,S2,53,Coinfected,2980000,1490000,E-P Coinfection,GxB,198_172,P2-E2,75,87.5,196.504,2,Mtr,0,0,0.210248598,0,210.249,0,210.249,0,1,1
153#,153,#,S1,21,Coinfected,2980000,1490000,E-P Coinfection,GxB,198_172,P2-E2,75,87.5,196.504,2,Mtr,0.001005459,0.000569308,0.001751603,1.005,1.752,0,2.757,0,1,0
153M,153,M,S2,47,Coinfected,2980000,1490000,E-P Coinfection,GxB,198_172,P2-E2,75,87.5,196.504,2,Mtr,0.012964873,0.006648397,0.036097292,12.965,36.097,0,49.062,0,1,1
179#,179,#,S1,21,Coinfected,2980000,1490000,E-P Coinfection,GxB,198_172,P2-E2,75,87.5,196.504,2,Mtr,0.001320968,0.000740085,0.003059057,1.321,3.059,0,4.38,0,1,0
179M,179,M,S2,69,Coinfected,2980000,1490000,E-P Coinfection,GxB,198_172,P2-E2,75,87.5,196.504,2,Mtr,0,0,0.02254023,0,22.54,0,22.54,0,1,1
304#,304,#,S1,21,Coinfected,2980000,1490000,E-P Coinfection,GxB,198_172,P2-E2,75,87.5,196.504,2,Mtr,0.001047731,0.000592297,0.002080288,1.048,2.08,0,3.128,0,1,0
304F,304,F,S2,76,Coinfected,2980000,1490000,E-P Coinfection,GxB,198_172,P2-E2,75,87.5,196.504,2,Mtr,0,0,1.14E-04,0,0.114,0,0.114,0,1,0
316#,316,#,S1,21,Coinfected,2980000,1490000,E-P Coinfection,GxB,198_172,P2-E2,75,87.5,196.504,2,Mtr,0.000609129,0.000351664,0.000456408,0.609,0.456,0,1.065,0,1,0
316F,316,F,S2,76,Coinfected,2980000,1490000,E-P Coinfection,GxB,198_172,P2-E2,75,87.5,196.504,2,Mtr,0,0,0.000377642,0,0.378,0,0.378,0,1,0
333#,333,#,S1,21,Coinfected,2980000,1490000,E-P Coinfection,GxB,198_172,P2-E2,75,87.5,196.504,2,Mtr,0.004755053,0.002535048,0.003223621,4.755,3.224,0,7.979,0,1,0
333F,333,F,S2,76,Coinfected,2980000,1490000,E-P Coinfection,GxB,198_172,P2-E2,75,87.5,196.504,2,Mtr,0,0,9.60E-05,0,0,0,0,1,0,0
24#,24,#,S1,21,Coinfected,2980000,1490000,R Coinfection,B41xH,41_24,E1-R,,,,,Mtr,0.006419567,0.003382867,0.012198304,0,12.19830397,3.382866999,15.58117097,0,1,0
24M,24,M,S2,36,Coinfected,2980000,1490000,R Coinfection,B41xH,41_24,E1-R,,,,,Mtr,0,0,0.050744798,0,50.74479795,0,50.74479795,0,1,1
54#,54,#,S1,21,Coinfected,2980000,1490000,R Coinfection,B41xH,41_24,E1-R,,,,,Mtr,0.000910581,0.00051757,0.000827644,0,0.827643653,0.517570298,1.345213951,0,1,0
54F,54,F,S2,76,Coinfected,2980000,1490000,R Coinfection,B41xH,41_24,E1-R,,,,,Mtr,0.081288272,0.038822064,0.048936969,0,48.93696864,38.82206368,87.75903232,0,1,0
67#,67,#,S1,21,Coinfected,2980000,1490000,R Coinfection,B41xH,41_24,E1-R,,,,,Mtr,0,0,0.000808954,0,0.808954158,0,0.808954158,0,1,0
67M,67,M,S2,49,Coinfected,2980000,1490000,R Coinfection,B41xH,41_24,E1-R,,,,,Mtr,0.112457452,0.053036643,0.033593669,0,33.59366906,53.03664264,86.6303117,0,1,1
85#,85,#,S1,21,Coinfected,2980000,1490000,R Coinfection,B41xH,41_24,E1-R,,,,,Mtr,0.083706617,0.039931635,0.138720381,0,138.720381,39.93163503,178.6520161,0,1,0
85M,85,M,S2,32,Coinfected,2980000,1490000,R Coinfection,B41xH,41_24,E1-R,,,,,Mtr,0.107769698,0.050909765,0.093076742,0,93.07674169,50.90976539,143.9865071,0,1,1
104#,104,#,S1,21,Coinfected,2980000,1490000,R Coinfection,B41xH,41_24,E1-R,,,,,Mtr,0.008684916,0.004523325,0.004320627,0,4.320626632,4.523324838,8.843951469,0,1,0
104M,104,M,S2,41,Coinfected,2980000,1490000,R Coinfection,B41xH,41_24,E1-R,,,,,Mtr,0.349616249,0.157793267,0.204674216,0,204.6742156,157.7932665,362.4674821,0,1,1
144#,144,#,S1,21,Coinfected,2980000,1490000,R Coinfection,B41xH,41_24,E1-R,,,,,Mtr,0.001162566,0.000654571,0.001235168,0,1.235167879,0.65457082,1.889738698,0,1,0
144F,144,F,S2,76,Coinfected,2980000,1490000,R Coinfection,B41xH,41_24,E1-R,,,,,Mtr,8.13E-06,5.55E-06,4.99E-06,0,0,0,0,1,0,0
147#,147,#,S1,21,Coinfected,2980000,1490000,R Coinfection,B41xH,41_24,E1-R,,,,,Mtr,0.021883848,0.010996669,0.014188715,0,14.18871451,10.99666882,25.18538333,0,1,0
147M,147,M,S2,38,Coinfected,2980000,1490000,R Coinfection,B41xH,41_24,E1-R,,,,,Mtr,0.175791625,0.081483013,0.144232036,0,144.232036,81.4830128,225.7150488,0,1,1
198#,198,#,S1,21,Coinfected,2980000,1490000,R Coinfection,B41xH,41_24,E1-R,,,,,Mtr,0.000152716,9.30E-05,9.80E-05,0,0,0,0,1,0,0
198F,198,F,S2,76,Coinfected,2980000,1490000,R Coinfection,B41xH,41_24,E1-R,,,,,Mtr,0,0,0.015093293,0,15.09329251,0,15.09329251,0,1,0
222#,222,#,S1,21,Coinfected,2980000,1490000,R Coinfection,B41xH,41_24,E1-R,,,,,Mtr,0.000930499,0.000528448,0.001377176,0,1.377175793,0.528448301,1.905624094,0,1,0
222F,222,F,S2,76,Coinfected,2980000,1490000,R Coinfection,B41xH,41_24,E1-R,,,,,Mtr,0,0,0.00700349,0,7.003489886,0,7.003489886,0,1,0
233#,233,#,S1,21,Coinfected,2980000,1490000,R Coinfection,B41xH,41_24,E1-R,,,,,Mtr,0.000880578,0.000501167,0.000811131,0,0.811130831,0.501167058,1.312297888,0,1,0
233F,233,F,S2,76,Coinfected,2980000,1490000,R Coinfection,B41xH,41_24,E1-R,,,,,Mtr,1.11E-05,7.51E-06,8.67E-06,0,0,0,0,1,0,0
276#,276,#,S1,21,Coinfected,2980000,1490000,R Coinfection,B41xH,41_24,E1-R,,,,,Mtr,0.006164866,0.00325375,0.004358524,0,4.358524379,3.253749928,7.612274308,0,1,0
276M,276,M,S2,51,Coinfected,2980000,1490000,R Coinfection,B41xH,41_24,E1-R,,,,,Mtr,0.021251607,0.010691107,0.041930952,0,41.93095156,10.69110686,52.62205842,0,1,1
283#,283,#,S1,21,Coinfected,2980000,1490000,R Coinfection,B41xH,41_24,E1-R,,,,,Mtr,0.000675892,0.000388638,0.000817696,0,0.817696052,0.388637627,1.206333679,0,1,0
283F,283,F,S2,76,Coinfected,2980000,1490000,R Coinfection,B41xH,41_24,E1-R,,,,,Mtr,8.56E-06,5.83E-06,3.50E-05,0,0,0,0,1,0,0
288#,288,#,S1,21,Coinfected,2980000,1490000,R Coinfection,B41xH,41_24,E1-R,,,,,Mtr,0.002273714,0.001247339,0.002324139,0,2.324139049,1.247339325,3.571478374,0,1,0
288F,288,F,S2,76,Coinfected,2980000,1490000,R Coinfection,B41xH,41_24,E1-R,,,,,Mtr,0.000494046,0.000287548,0.000119807,0,0.119806552,0.287547579,0.407354131,0,1,0
303#,303,#,S1,21,Coinfected,2980000,1490000,R Coinfection,B41xH,41_24,E1-R,,,,,Mtr,0.000233287,0.000139786,0.000372602,0,0.372602004,0.139785789,0.512387793,0,1,0
303F,303,F,S2,76,Coinfected,2980000,1490000,R Coinfection,B41xH,41_24,E1-R,,,,,Mtr,4.49E-06,3.14E-06,4.77E-06,0,0,0,0,1,0,0
323#,323,#,S1,21,Coinfected,2980000,1490000,R Coinfection,B41xH,41_24,E1-R,,,,,Mtr,0.00105802,0.000597886,0.000947931,0,0.94793106,0.597886413,1.545817472,0,1,0
323F,323,F,S2,76,Coinfected,2980000,1490000,R Coinfection,B41xH,41_24,E1-R,,,,,Mtr,0,0,0.000279872,0,0.279872336,0,0.279872336,0,1,0
341#,341,#,S1,21,Coinfected,2980000,1490000,R Coinfection,B41xH,41_24,E1-R,,,,,Mtr,0.006238454,0.003291075,0.00739017,0,7.390170396,3.29107546,10.68124586,0,1,0
341F,341,F,S2,76,Coinfected,2980000,1490000,R Coinfection,B41xH,41_24,E1-R,,,,,Mtr,0,0,0.002369861,0,2.369860804,0,2.369860804,0,1,0
19#,19,#,S1,21,Coinfected,2980000,1490000,R Coinfection,B172xH,172_24,E2-R,,,,,Mtr,0.006750437,0.003550301,0.015379881,0,15.37988082,3.550300936,18.93018175,0,1,0
19M,19,M,S2,40,Coinfected,2980000,1490000,R Coinfection,B172xH,172_24,E2-R,,,,,Mtr,0.367892444,0.165714344,0.153943522,0,153.9435223,165.7143442,319.6578665,0,1,1
38#,38,#,S1,21,Coinfected,2980000,1490000,R Coinfection,B172xH,172_24,E2-R,,,,,Mtr,0.001258855,0.000706603,0.002242846,0,2.242845682,0.706602809,2.949448491,0,1,0
38M,38,M,S2,37,Coinfected,2980000,1490000,R Coinfection,B172xH,172_24,E2-R,,,,,Mtr,0,0,0.114318487,0,114.3184866,0,114.3184866,0,1,1
43#,43,#,S1,21,Coinfected,2980000,1490000,R Coinfection,B172xH,172_24,E2-R,,,,,Mtr,0,0,0.000492073,0,0.492072855,0,0.492072855,0,1,0
43M,43,M,S2,48,Coinfected,2980000,1490000,R Coinfection,B172xH,172_24,E2-R,,,,,Mtr,0.108221988,0.051115128,0.067830847,0,67.83084663,51.1151276,118.9459742,0,1,1
91#,91,#,S1,21,Coinfected,2980000,1490000,R Coinfection,B172xH,172_24,E2-R,,,,,Mtr,0,0,0.001641103,0,1.641103438,0,1.641103438,0,1,0
91M,91,M,S2,39,Coinfected,2980000,1490000,R Coinfection,B172xH,172_24,E2-R,,,,,Mtr,0.453589538,0.202664548,0.207721581,0,207.7215812,202.6645479,410.3861291,0,1,1
134#,134,#,S1,21,Coinfected,2980000,1490000,R Coinfection,B172xH,172_24,E2-R,,,,,Mtr,0.00041989,0.000245932,0.001019947,0,1.01994659,0.245932155,1.265878745,0,1,0
134M,134,M,S2,64,Coinfected,2980000,1490000,R Coinfection,B172xH,172_24,E2-R,,,,,Mtr,0,0,0.130845286,0,130.8452862,0,130.8452862,0,1,1
136#,136,#,S1,21,Coinfected,2980000,1490000,R Coinfection,B172xH,172_24,E2-R,,,,,Mtr,0.000240731,0.000144071,0.000686191,0,0.686191488,0.144070703,0.83026219,0,1,0
136M,136,M,S2,44,Coinfected,2980000,1490000,R Coinfection,B172xH,172_24,E2-R,,,,,Mtr,0,0,0.232382681,0,232.3826809,0,232.3826809,0,1,1
181#,181,#,S1,21,Coinfected,2980000,1490000,R Coinfection,B172xH,172_24,E2-R,,,,,Mtr,0.001685344,0.000935357,0.001217047,0,1.217047431,0.935356847,2.152404277,0,1,0
181F,181,F,S2,76,Coinfected,2980000,1490000,R Coinfection,B172xH,172_24,E2-R,,,,,Mtr,0.005436987,0.00288359,0.00626026,0,6.26025996,2.883590344,9.143850304,0,1,0
252#,252,#,S1,21,Coinfected,2980000,1490000,R Coinfection,B172xH,172_24,E2-R,,,,,Mtr,0.000629005,0.000362687,0.001060471,0,1.060471231,0.362686542,1.423157774,0,1,0
252F,252,F,S2,76,Coinfected,2980000,1490000,R Coinfection,B172xH,172_24,E2-R,,,,,Mtr,0,0,0.007291543,0,7.291543407,0,7.291543407,0,1,0
260#,260,#,S1,21,Coinfected,2980000,1490000,R Coinfection,B172xH,172_24,E2-R,,,,,Mtr,0.000126927,7.79E-05,0.000441036,0,0.441036231,0,0.441036231,0,1,0
260F,260,F,S2,76,Coinfected,2980000,1490000,R Coinfection,B172xH,172_24,E2-R,,,,,Mtr,0,0,0.002419731,0,2.419730883,0,2.419730883,0,1,0
264#,264,#,S1,21,Coinfected,2980000,1490000,R Coinfection,B172xH,172_24,E2-R,,,,,Mtr,0.00040719,0.000238778,0.001266254,0,1.266253662,0.23877786,1.505031522,0,1,0
264M,264,M,S2,53,Coinfected,2980000,1490000,R Coinfection,B172xH,172_24,E2-R,,,,,Mtr,0,0,0,0,0,0,0,1,0,1
266#,266,#,S1,21,Coinfected,2980000,1490000,R Coinfection,B172xH,172_24,E2-R,,,,,Mtr,0.00014513,8.86E-05,0.000536257,0,0.53625743,0,0.53625743,0,1,0
266F,266,F,S2,76,Coinfected,2980000,1490000,R Coinfection,B172xH,172_24,E2-R,,,,,Mtr,0,0,0.001883409,0,1.88340868,0,1.88340868,0,1,0
271#,271,#,S1,21,Coinfected,2980000,1490000,R Coinfection,B172xH,172_24,E2-R,,,,,Mtr,0.000284435,0.000169129,0.001241824,0,1.241823813,0.169129135,1.410952948,0,1,0
271M,271,M,S2,51,Coinfected,2980000,1490000,R Coinfection,B172xH,172_24,E2-R,,,,,Mtr,0,0,0,0,0,0,0,1,0,1
290#,290,#,S1,21,Coinfected,2980000,1490000,R Coinfection,B172xH,172_24,E2-R,,,,,Mtr,0.000242418,0.000145041,0.001308629,0,1.308628672,0.145040603,1.453669275,0,1,0
290F,290,F,S2,76,Coinfected,2980000,1490000,R Coinfection,B172xH,172_24,E2-R,,,,,Mtr,0,0,3.85E-05,0,0,0,0,1,0,0
320#,320,#,S1,21,Coinfected,2980000,1490000,R Coinfection,B172xH,172_24,E2-R,,,,,Mtr,0.000213945,0.000128626,0.000417118,0,0.417118136,0.128626479,0.545744615,0,1,0
320M,320,M,S2,56,Coinfected,2980000,1490000,R Coinfection,B172xH,172_24,E2-R,,,,,Mtr,0.005721206,0.003028344,0.038605533,0,38.60553281,3.028343943,41.63387675,0,1,1
322#,322,#,S1,21,Coinfected,2980000,1490000,R Coinfection,B172xH,172_24,E2-R,,,,,Mtr,0.000166989,0.000101365,0.000626699,0,0.626699238,0.101364556,0.728063795,0,1,0
322M,322,M,S2,69,Coinfected,2980000,1490000,R Coinfection,B172xH,172_24,E2-R,,,,,Mtr,0,0,0.143748389,0,143.7483894,0,143.7483894,0,1,1
330#,330,#,S1,21,Coinfected,2980000,1490000,R Coinfection,B172xH,172_24,E2-R,,,,,Mtr,0.000753646,0.000431521,0.000713935,0,0.713934775,0.431521104,1.145455879,0,1,0
330M,330,M,S2,42,Coinfected,2980000,1490000,R Coinfection,B172xH,172_24,E2-R,,,,,Mtr,0.029896992,0.01484272,0.009424704,0,9.424703781,14.84271989,24.26742367,0,1,1
13#,13,#,S1,21,Coinfected,2980000,1490000,R Coinfection,GPL168xH,168_24,P1-R,,,,,Mtr,0.063138028,0.030450513,0,63.13802822,0,0,63.13802822,0,1,0
13M,13,M,S2,37,Coinfected,2980000,1490000,R Coinfection,GPL168xH,168_24,P1-R,,,,,Mtr,0.863896558,0.376472148,0,863.896558,0,0,863.896558,0,1,1
35#,35,#,S1,21,Coinfected,2980000,1490000,R Coinfection,GPL168xH,168_24,P1-R,,,,,Mtr,0.03203601,0.015862123,0,32.03600951,0,0,32.03600951,0,1,0
35M,35,M,S2,33,Coinfected,2980000,1490000,R Coinfection,GPL168xH,168_24,P1-R,,,,,Mtr,0.014058293,0.007186517,0,14.05829271,0,0,14.05829271,0,1,1
57#,57,#,S1,21,Coinfected,2980000,1490000,R Coinfection,GPL168xH,168_24,P1-R,,,,,Mtr,0.023449554,0.011751924,0,23.4495544,0,0,23.4495544,0,1,0
57M,57,M,S2,35,Coinfected,2980000,1490000,R Coinfection,GPL168xH,168_24,P1-R,,,,,Mtr,0.779650721,0.341112935,0,779.6507211,0,0,779.6507211,0,1,1
83#,83,#,S1,21,Coinfected,2980000,1490000,R Coinfection,GPL168xH,168_24,P1-R,,,,,Mtr,0.034065501,0.01682689,0,34.06550105,0,0,34.06550105,0,1,0
83M,83,M,S2,35,Coinfected,2980000,1490000,R Coinfection,GPL168xH,168_24,P1-R,,,,,Mtr,0.582354373,0.2576892,0,582.3543728,0,0,582.3543728,0,1,1
89#,89,#,S1,21,Coinfected,2980000,1490000,R Coinfection,GPL168xH,168_24,P1-R,,,,,Mtr,0.013193098,0.006760857,0,13.19309813,0,0,13.19309813,0,1,0
89F,89,F,S2,76,Coinfected,2980000,1490000,R Coinfection,GPL168xH,168_24,P1-R,,,,,Mtr,8.34E-05,5.20E-05,0,0,0,0,0,1,0,0
157#,157,#,S1,21,Coinfected,2980000,1490000,R Coinfection,GPL168xH,168_24,P1-R,,,,,Mtr,0.134553611,0.063017887,0,134.5536105,0,0,134.5536105,0,1,0
157M,157,M,S2,30,Coinfected,2980000,1490000,R Coinfection,GPL168xH,168_24,P1-R,,,,,Mtr,0.158316836,0.073681463,0,158.3168356,0,0,158.3168356,0,1,1
178#,178,#,S1,21,Coinfected,2980000,1490000,R Coinfection,GPL168xH,168_24,P1-R,,,,,Mtr,0.006273388,0.003308788,0,6.273387612,0,0,6.273387612,0,1,0
178M,178,M,S2,41,Coinfected,2980000,1490000,R Coinfection,GPL168xH,168_24,P1-R,,,,,Mtr,0.173475645,0.080450848,0,173.475645,0,0,173.475645,0,1,1
229#,229,#,S1,21,Coinfected,2980000,1490000,R Coinfection,GPL168xH,168_24,P1-R,,,,,Mtr,0.009979082,0.005169456,0,9.979081703,0,0,9.979081703,0,1,0
229F,229,F,S2,76,Coinfected,2980000,1490000,R Coinfection,GPL168xH,168_24,P1-R,,,,,Mtr,0,0,0,0,0,0,0,1,0,0
230#,230,#,S1,21,Coinfected,2980000,1490000,R Coinfection,GPL168xH,168_24,P1-R,,,,,Mtr,0.000981878,0.000556467,0,0.981878426,0,0,0.981878426,0,1,0
230F,230,F,S2,76,Coinfected,2980000,1490000,R Coinfection,GPL168xH,168_24,P1-R,,,,,Mtr,0.00053721,0.000311657,0,0.537210256,0,0,0.537210256,0,1,0
248#,248,#,S1,21,Coinfected,2980000,1490000,R Coinfection,GPL168xH,168_24,P1-R,,,,,Mtr,0.001498859,0.000835648,0,1.498859355,0,0,1.498859355,0,1,0
248F,248,F,S2,76,Coinfected,2980000,1490000,R Coinfection,GPL168xH,168_24,P1-R,,,,,Mtr,1.81E-05,1.20E-05,2.94E-06,0,0,0,0,1,0,0
257#,257,#,S1,21,Coinfected,2980000,1490000,R Coinfection,GPL168xH,168_24,P1-R,,,,,Mtr,0.007970385,0.004165015,0,7.970385474,0,0,7.970385474,0,1,0
257M,257,M,S2,56,Coinfected,2980000,1490000,R Coinfection,GPL168xH,168_24,P1-R,,,,,Mtr,0,0,0,0,0,0,0,1,0,1
281#,281,#,S1,21,Coinfected,2980000,1490000,R Coinfection,GPL168xH,168_24,P1-R,,,,,Mtr,0.008630528,0.004496093,0,8.630527623,0,0,8.630527623,0,1,0
281M,281,M,S2,41,Coinfected,2980000,1490000,R Coinfection,GPL168xH,168_24,P1-R,,,,,Mtr,0.165896612,0.077069319,0,165.896612,0,0,165.896612,0,1,1
312#,312,#,S1,21,Coinfected,2980000,1490000,R Coinfection,GPL168xH,168_24,P1-R,,,,,Mtr,0.003512306,0.001894619,0,3.512305927,0,0,3.512305927,0,1,0
312F,312,F,S2,76,Coinfected,2980000,1490000,R Coinfection,GPL168xH,168_24,P1-R,,,,,Mtr,2.49E-06,1.78E-06,0,0,0,0,0,1,0,0
334#,334,#,S1,21,Coinfected,2980000,1490000,R Coinfection,GPL168xH,168_24,P1-R,,,,,Mtr,0.007729317,0.004043852,0,7.729317409,0,0,7.729317409,0,1,0
334F,334,F,S2,76,Coinfected,2980000,1490000,R Coinfection,GPL168xH,168_24,P1-R,,,,,Mtr,8.74E-05,5.44E-05,0,0,0,0,0,1,0,0
1#,1,#,S1,21,Coinfected,2980000,1490000,R Coinfection,GPL198xH,198_24,P2-R,,,,,Mtr,0.017296782,0.008771259,0,17.29678235,0,0,17.29678235,0,1,0
1M,1,M,S2,35,Coinfected,2980000,1490000,R Coinfection,GPL198xH,198_24,P2-R,,,,,Mtr,0.355026443,0.160139732,0,355.0264427,0,0,355.0264427,0,1,1
18#,18,#,S1,21,Coinfected,2980000,1490000,R Coinfection,GPL198xH,198_24,P2-R,,,,,Mtr,0.048972002,0.023852166,0,48.97200214,0,0,48.97200214,0,1,0
18M,18,M,S2,33,Coinfected,2980000,1490000,R Coinfection,GPL198xH,198_24,P2-R,,,,,Mtr,0.124348478,0.058416632,0,124.3484784,0,0,124.3484784,0,1,1
21#,21,#,S1,21,Coinfected,2980000,1490000,R Coinfection,GPL198xH,198_24,P2-R,,,,,Mtr,0.019179184,0.009686971,0,19.17918375,0,0,19.17918375,0,1,0
21M,21,M,S2,31,Coinfected,2980000,1490000,R Coinfection,GPL198xH,198_24,P2-R,,,,,Mtr,0.423895101,0.189894652,0,423.8951006,0,0,423.8951006,0,1,1
50#,50,#,S1,21,Coinfected,2980000,1490000,R Coinfection,GPL198xH,198_24,P2-R,,,,,Mtr,0.008721365,0.004541571,0,8.721364846,0,0,8.721364846,0,1,0
50M,50,M,S2,32,Coinfected,2980000,1490000,R Coinfection,GPL198xH,198_24,P2-R,,,,,Mtr,0.737822649,0.323502915,0,737.8226488,0,0,737.8226488,0,1,1
51#,51,#,S1,21,Coinfected,2980000,1490000,R Coinfection,GPL198xH,198_24,P2-R,,,,,Mtr,0,0,0,0,0,0,0,1,0,0
51M,51,M,S2,32,Coinfected,2980000,1490000,R Coinfection,GPL198xH,198_24,P2-R,,,,,Mtr,0.262239259,0.119683657,0,262.2392585,0,0,262.2392585,0,1,1
58#,58,#,S1,21,Coinfected,2980000,1490000,R Coinfection,GPL198xH,198_24,P2-R,,,,,Mtr,0.032554471,0.016108806,0,32.55447128,0,0,32.55447128,0,1,0
58M,58,M,S2,32,Coinfected,2980000,1490000,R Coinfection,GPL198xH,198_24,P2-R,,,,,Mtr,0.082029245,0.039162167,0,82.0292453,0,0,82.0292453,0,1,1
68#,68,#,S1,21,Coinfected,2980000,1490000,R Coinfection,GPL198xH,198_24,P2-R,,,,,Mtr,0.009630091,0.004995556,0,9.630091444,0,0,9.630091444,0,1,0
68M,68,M,S2,36,Coinfected,2980000,1490000,R Coinfection,GPL198xH,198_24,P2-R,,,,,Mtr,0.236500961,0.10836993,0,236.5009605,0,0,236.5009605,0,1,1
107#,107,#,S1,21,Coinfected,2980000,1490000,R Coinfection,GPL198xH,198_24,P2-R,,,,,Mtr,0.002141242,0.001177402,0,2.14124172,0,0,2.14124172,0,1,0
107M,107,M,S2,44,Coinfected,2980000,1490000,R Coinfection,GPL198xH,198_24,P2-R,,,,,Mtr,0.356019071,0.160570096,0,356.0190713,0,0,356.0190713,0,1,1
149#,149,#,S1,21,Coinfected,2980000,1490000,R Coinfection,GPL198xH,198_24,P2-R,,,,,Mtr,0.002088106,0.001149304,0,2.088106462,0,0,2.088106462,0,1,0
149M,149,M,S2,38,Coinfected,2980000,1490000,R Coinfection,GPL198xH,198_24,P2-R,,,,,Mtr,0.153528468,0.07153803,0,153.5284683,0,0,153.5284683,0,1,1
169#,169,#,S1,21,Coinfected,2980000,1490000,R Coinfection,GPL198xH,198_24,P2-R,,,,,Mtr,0.00359164,0.001935738,0,3.591640282,0,0,3.591640282,0,1,0
169M,169,M,S2,50,Coinfected,2980000,1490000,R Coinfection,GPL198xH,198_24,P2-R,,,,,Mtr,0.097941424,0.046438732,0,97.94142354,0,0,97.94142354,0,1,1
188#,188,#,S1,21,Coinfected,2980000,1490000,R Coinfection,GPL198xH,198_24,P2-R,,,,,Mtr,0.020508392,0.010331459,0,20.50839207,0,0,20.50839207,0,1,0
188M,188,M,S2,33,Coinfected,2980000,1490000,R Coinfection,GPL198xH,198_24,P2-R,,,,,Mtr,0.645281181,0.284400845,0,645.2811812,0,0,645.2811812,0,1,1
193#,193,#,S1,21,Coinfected,2980000,1490000,R Coinfection,GPL198xH,198_24,P2-R,,,,,Mtr,0.002198796,0.001207808,0,2.1987965,0,0,2.1987965,0,1,0
193F,193,F,S2,76,Coinfected,2980000,1490000,R Coinfection,GPL198xH,198_24,P2-R,,,,,Mtr,6.24E-06,4.30E-06,6.16E-06,0,0,0,0,1,0,0
268#,268,#,S1,21,Coinfected,2980000,1490000,R Coinfection,GPL198xH,198_24,P2-R,,,,,Mtr,0.000123518,7.59E-05,0,0.123518021,0,0,0.123518021,0,1,0
268F,268,F,S2,76,Coinfected,2980000,1490000,R Coinfection,GPL198xH,198_24,P2-R,,,,,Mtr,0,0,2.35E-07,0,0,0,0,1,0,0
277#,277,#,S1,21,Coinfected,2980000,1490000,R Coinfection,GPL198xH,198_24,P2-R,,,,,Mtr,0.000771746,0.000441478,0,0.771745726,0,0,0.771745726,0,1,0
277F,277,F,S2,76,Coinfected,2980000,1490000,R Coinfection,GPL198xH,198_24,P2-R,,,,,Mtr,2.84E-06,2.02E-06,1.63E-06,0,0,0,0,1,0,0
324#,324,#,S1,21,Coinfected,2980000,1490000,R Coinfection,GPL198xH,198_24,P2-R,,,,,Mtr,0.000115593,7.12E-05,0,0.115593117,0,0,0.115593117,0,1,0
324F,324,F,S2,76,Coinfected,2980000,1490000,R Coinfection,GPL198xH,198_24,P2-R,,,,,Mtr,2.87E-06,2.04E-06,4.85E-06,0,0,0,0,1,0,0
26#,26,#,S1,21,Single,2980000,2980000,Recombinant,R,24,R,,,,,Mtr,0.052183553,0.025353886,0,0,0,25.3538855,25.3538855,0,1,0
26M,26,M,S2,31,Single,2980000,2980000,Recombinant,R,24,R,,,,,Mtr,0.213885169,0.098389399,0,0,0,98.38939883,98.38939883,0,1,1
47#,47,#,S1,21,Single,2980000,2980000,Recombinant,R,24,R,,,,,Mtr,0.052147142,0.02533688,0,0,0,25.33687988,25.33687988,0,1,0
47M,47,M,S2,37,Single,2980000,2980000,Recombinant,R,24,R,,,,,Mtr,1.102962968,0.47612408,0,0,0,476.1240804,476.1240804,0,1,1
64#,64,#,S1,21,Single,2980000,2980000,Recombinant,R,24,R,,,,,Mtr,0.022661085,0.01137184,0,0,0,11.37184049,11.37184049,0,1,0
64M,64,M,S2,44,Single,2980000,2980000,Recombinant,R,24,R,,,,,Mtr,0.424191086,0.190022106,0,0,0,190.0221056,190.0221056,0,1,1
74#,74,#,S1,21,Single,2980000,2980000,Recombinant,R,24,R,,,,,Mtr,0.041274178,0.020236562,0,0,0,20.2365615,20.2365615,0,1,0
74M,74,M,S2,35,Single,2980000,2980000,Recombinant,R,24,R,,,,,Mtr,0.537060286,0.238393667,0,0,0,238.393667,238.393667,0,1,1
106#,106,#,S1,21,Single,2980000,2980000,Recombinant,R,24,R,,,,,Mtr,0.055180406,0.026751978,0,0,0,26.75197849,26.75197849,0,1,0
106M,106,M,S2,35,Single,2980000,2980000,Recombinant,R,24,R,,,,,Mtr,0.45327304,0.202528615,0,0,0,202.5286146,202.5286146,0,1,1
121#,121,#,S1,21,Single,2980000,2980000,Recombinant,R,24,R,,,,,Mtr,0.016726866,0.008493274,0,0,0,8.493273725,8.493273725,0,1,0
121M,121,M,S2,49,Single,2980000,2980000,Recombinant,R,24,R,,,,,Mtr,0.293019858,0.133157681,0,0,0,133.1576806,133.1576806,0,1,1
135#,135,#,S1,21,Single,2980000,2980000,Recombinant,R,24,R,,,,,Mtr,0.011197183,0.005774635,0,0,0,5.77463534,5.77463534,0,1,0
135M,135,M,S2,45,Single,2980000,2980000,Recombinant,R,24,R,,,,,Mtr,0.076712692,0.036719187,0,0,0,36.71918718,36.71918718,0,1,1
142#,142,#,S1,21,Single,2980000,2980000,Recombinant,R,24,R,,,,,Mtr,0.010926947,0.005640607,0,0,0,5.640606907,5.640606907,0,1,0
142F,142,F,S2,76,Single,2980000,2980000,Recombinant,R,24,R,,,,,Mtr,3.83E-07,2.94E-07,0,0,0,0,0,1,0,0
145#,145,#,S1,21,Single,2980000,2980000,Recombinant,R,24,R,,,,,Mtr,0.002165289,0.00119011,0,0,0,1.19011014,1.19011014,0,1,0
145M,145,M,S2,46,Single,2980000,2980000,Recombinant,R,24,R,,,,,Mtr,0.007203175,0.003778893,0,0,0,3.778893464,3.778893464,0,1,1
196#,196,#,S1,21,Single,2980000,2980000,Recombinant,R,24,R,,,,,Mtr,0.015741327,0.008011687,0,0,0,8.011687356,8.011687356,0,1,0
196M,196,M,S2,40,Single,2980000,2980000,Recombinant,R,24,R,,,,,Mtr,0.339752646,0.153511666,0,0,0,153.5116655,153.5116655,0,1,1
199#,199,#,S1,21,Single,2980000,2980000,Recombinant,R,24,R,,,,,Mtr,0.139624556,0.065299165,0,0,0,65.29916512,65.29916512,0,1,0
199M,199,M,S2,32,Single,2980000,2980000,Recombinant,R,24,R,,,,,Mtr,0.168581436,0.078267875,0,0,0,78.2678749,78.2678749,0,1,1
227#,227,#,S1,21,Single,2980000,2980000,Recombinant,R,24,R,,,,,Mtr,0.146411558,0.068347448,0,0,0,68.34744799,68.34744799,0,1,0
227M,227,M,S2,34,Single,2980000,2980000,Recombinant,R,24,R,,,,,Mtr,0.252891598,0.115579937,0,0,0,115.5799367,115.5799367,0,1,1
241#,241,#,S1,21,Single,2980000,2980000,Recombinant,R,24,R,,,,,Mtr,0.038599079,0.018974182,0,0,0,18.97418205,18.97418205,0,1,0
241M,241,M,S2,44,Single,2980000,2980000,Recombinant,R,24,R,,,,,Mtr,0.211067323,0.097143077,0,0,0,97.14307661,97.14307661,0,1,1
285#,285,#,S1,21,Single,2980000,2980000,Recombinant,R,24,R,,,,,Mtr,0.004528303,0.002418738,0,0,0,2.418737774,2.418737774,0,1,0
285M,285,M,S2,45,Single,2980000,2980000,Recombinant,R,24,R,,,,,Mtr,0.164972818,0.076656746,0,0,0,76.65674631,76.65674631,0,1,1
292#,292,#,S1,21,Single,2980000,2980000,Recombinant,R,24,R,,,,,Mtr,0.009875145,0.00511769,0,0,0,5.117689765,5.117689765,0,1,0
292F,292,F,S2,76,Single,2980000,2980000,Recombinant,R,24,R,,,,,Mtr,2.94E-06,2.09E-06,7.87E-06,0,0,0,0,1,0,0
302#,302,#,S1,21,Single,2980000,2980000,Recombinant,R,24,R,,,,,Mtr,0.004428279,0.00236736,0,0,0,2.367359614,2.367359614,0,1,0
302F,302,F,S2,76,Single,2980000,2980000,Recombinant,R,24,R,,,,,Mtr,6.69E-06,4.60E-06,1.18E-06,0,0,0,0,1,0,0
32#,32,#,S1,21,Coinfected,2980000,993333.3333,P-E-R Coinfection,GxBxH,168_41_24  ,P1-E1-R,,,,3,Mtr,0.025127282,0.012559051,0,25.127282,0,0,25.127282,0,1,0
32M,32,M,S2,34,Coinfected,2980000,993333.3333,P-E-R Coinfection,GxBxH,168_41_24  ,P1-E1-R,,,,3,Mtr,0.263523708,0.120247096,0,263.523708,0,0,263.523708,0,1,1
37#,37,#,S1,21,Coinfected,2980000,993333.3333,P-E-R Coinfection,GxBxH,168_41_24  ,P1-E1-R,,,,3,Mtr,0.030423279,0.01509379,0,30.423279,0,0,30.423279,0,1,0
37M,37,#,S2,30,Coinfected,2980000,993333.3333,P-E-R Coinfection,GxBxH,168_41_24  ,P1-E1-R,,,,3,Mtr,0.297346619,0.135047161,0,297.346619,0,0,297.346619,0,1,1
53#,53,#,S1,21,Coinfected,2980000,993333.3333,P-E-R Coinfection,GxBxH,168_41_24  ,P1-E1-R,,,,3,Mtr,0.048225725,0.02350267,0,48.225725,0,0,48.225725,0,1,0
53M,53,M,S2,32,Coinfected,2980000,993333.3333,P-E-R Coinfection,GxBxH,168_41_24  ,P1-E1-R,,,,3,Mtr,0.081629424,0.038978666,0,81.629424,0,0,81.629424,0,1,1
73#,73,#,S1,21,Coinfected,2980000,993333.3333,P-E-R Coinfection,GxBxH,168_41_24  ,P1-E1-R,,,,3,Mtr,0.068558546,0.03295937,0,68.558546,0,0,68.558546,0,1,0
73M,73,M,S2,30,Coinfected,2980000,993333.3333,P-E-R Coinfection,GxBxH,168_41_24  ,P1-E1-R,,,,3,Mtr,0.205686033,0.094761154,0,205.686033,0,0,205.686033,0,1,1
103#,103,#,S1,21,Coinfected,2980000,993333.3333,P-E-R Coinfection,GxBxH,168_41_24  ,P1-E1-R,,,,3,Mtr,0.033593246,0.016602596,0,33.593246,0,0,33.593246,0,1,0
103M,103,M,S2,34,Coinfected,2980000,993333.3333,P-E-R Coinfection,GxBxH,168_41_24  ,P1-E1-R,,,,3,Mtr,0.315302061,0.142877029,0,315.302061,0,0,315.302061,0,1,1
125#,125,#,S1,21,Coinfected,2980000,993333.3333,P-E-R Coinfection,GxBxH,168_41_24  ,P1-E1-R,,,,3,Mtr,0.006092145,0.003216848,0,6.092145,0,0,6.092145,0,1,0
125M,125,M,S2,32,Coinfected,2980000,993333.3333,P-E-R Coinfection,GxBxH,168_41_24  ,P1-E1-R,,,,3,Mtr,0.007998251,0.004179011,0,7.998251,0,0,7.998251,0,1,1
127#,127,#,S1,21,Coinfected,2980000,993333.3333,P-E-R Coinfection,GxBxH,168_41_24  ,P1-E1-R,,,,3,Mtr,0.009254467,0.004808111,0,9.254467,0,0,9.254467,0,1,0
127M,127,M,S2,38,Coinfected,2980000,993333.3333,P-E-R Coinfection,GxBxH,168_41_24  ,P1-E1-R,,,,3,Mtr,0.393389134,0.176739556,0,393.389134,0,0,393.389134,0,1,1
151#,151,#,S1,21,Coinfected,2980000,993333.3333,P-E-R Coinfection,GxBxH,168_41_24  ,P1-E1-R,,,,3,Mtr,0.003990865,0.002142135,0,3.990865,0,0,3.990865,0,1,0
151M,151,M,S2,37,Coinfected,2980000,993333.3333,P-E-R Coinfection,GxBxH,168_41_24  ,P1-E1-R,,,,3,Mtr,0.020013438,0.010091668,0,20.013438,0,0,20.013438,0,1,1
163#,163,#,S1,21,Coinfected,2980000,993333.3333,P-E-R Coinfection,GxBxH,168_41_24  ,P1-E1-R,,,,3,Mtr,0.003579127,0.001929255,0,3.579127,0,0,3.579127,0,1,0
163F,163,F,S2,76,Coinfected,2980000,993333.3333,P-E-R Coinfection,GxBxH,168_41_24  ,P1-E1-R,,,,3,Mtr,0.001084186,0.000612093,0.000202051,1.084186,0.202051,,1.286237,0,1,0
197#,197,#,S1,21,Coinfected,2980000,993333.3333,P-E-R Coinfection,GxBxH,168_41_24  ,P1-E1-R,,,,3,Mtr,0.009183682,0.004772755,0,9.183682,0,0,9.183682,0,1,0
197F,197,F,S2,76,Coinfected,2980000,993333.3333,P-E-R Coinfection,GxBxH,168_41_24  ,P1-E1-R,,,,3,Mtr,0.000164789,0.000100081,2.67E-05,0.164789,0,,0.164789,0,1,0
234#,234,#,S1,21,Coinfected,2980000,993333.3333,P-E-R Coinfection,GxBxH,168_41_24  ,P1-E1-R,,,,3,Mtr,0.003938287,0.002115,0,3.938287,0,0,3.938287,0,1,0
234M,234,M,S2,42,Coinfected,2980000,993333.3333,P-E-R Coinfection,GxBxH,168_41_24  ,P1-E1-R,,,,3,Mtr,0.487061008,0.217020018,0,487.061008,0,0,487.061008,0,1,1
238#,238,#,S1,21,Coinfected,2980000,993333.3333,P-E-R Coinfection,GxBxH,168_41_24  ,P1-E1-R,,,,3,Mtr,0.004518831,0.002413874,0,4.518831,0,0,4.518831,0,1,0
238M,238,M,S2,51,Coinfected,2980000,993333.3333,P-E-R Coinfection,GxBxH,168_41_24  ,P1-E1-R,,,,3,Mtr,0.227752588,0.104513794,0,227.752588,0,0,227.752588,0,1,1
261#,261,#,S1,21,Coinfected,2980000,993333.3333,P-E-R Coinfection,GxBxH,168_41_24  ,P1-E1-R,,,,3,Mtr,0.018150225,0.009186879,0,18.150225,0,0,18.150225,0,1,0
261M,261,M,S2,32,Coinfected,2980000,993333.3333,P-E-R Coinfection,GxBxH,168_41_24  ,P1-E1-R,,,,3,Mtr,0,0,0,0,0,0,0,1,0,1
282#,282,#,S1,21,Coinfected,2980000,993333.3333,P-E-R Coinfection,GxBxH,168_41_24  ,P1-E1-R,,,,3,Mtr,0.001912304,0.001056135,0,1.912304,0,0,1.912304,0,1,0
282F,282,F,S2,76,Coinfected,2980000,993333.3333,P-E-R Coinfection,GxBxH,168_41_24  ,P1-E1-R,,,,3,Mtr,2.44E-05,1.60E-05,5.91E-05,0,0,0,0,1,0,0
329#,329,#,S1,21,Coinfected,2980000,993333.3333,P-E-R Coinfection,GxBxH,168_41_24  ,P1-E1-R,,,,3,Mtr,0.020811221,0.010478061,0,20.811221,0,0,20.811221,0,1,0
329M,329,M,S2,34,Coinfected,2980000,993333.3333,P-E-R Coinfection,GxBxH,168_41_24  ,P1-E1-R,,,,3,Mtr,0.469044205,0.209297776,0,469.044205,0,0,469.044205,0,1,1
3#,3,#,S1,21,Coinfected,2980000,993333.3333,P-E-R Coinfection,GxBxH,168_172_24  ,P1-E2-R,,,,3,Mtr,0.026719103,0.013322917,0,26.719103,0,0,26.719103,0,1,0
3M,3,M,S2,25,Coinfected,2980000,993333.3333,P-E-R Coinfection,GxBxH,168_172_24  ,P1-E2-R,,,,3,Mtr,0.028155122,0.014010504,0,28.155122,0,0,28.155122,0,1,1
33#,33,#,S1,21,Coinfected,2980000,993333.3333,P-E-R Coinfection,GxBxH,168_172_24  ,P1-E2-R,,,,3,Mtr,1.451092715,0.619779646,0,1451.092715,0,0,1451.092715,0,1,0
33M,33,M,S2,27,Coinfected,2980000,993333.3333,P-E-R Coinfection,GxBxH,168_172_24  ,P1-E2-R,,,,3,Mtr,0.076445429,0.036596209,0,76.445429,0,0,76.445429,0,1,1
49#,49,#,S1,21,Coinfected,2980000,993333.3333,P-E-R Coinfection,GxBxH,168_172_24  ,P1-E2-R,,,,3,Mtr,0.057220046,0.02770182,0,57.220046,0,0,57.220046,0,1,0
49M,49,M,S2,41,Coinfected,2980000,993333.3333,P-E-R Coinfection,GxBxH,168_172_24  ,P1-E2-R,,,,3,Mtr,0.524830905,0.233173273,0,524.830905,0,0,524.830905,0,1,1
105#,105,#,S1,21,Coinfected,2980000,993333.3333,P-E-R Coinfection,GxBxH,168_172_24  ,P1-E2-R,,,,3,Mtr,0.046996181,0.02292639,0,46.996181,0,0,46.996181,0,1,0
105M,105,M,S2,42,Coinfected,2980000,993333.3333,P-E-R Coinfection,GxBxH,168_172_24  ,P1-E2-R,,,,3,Mtr,0.682815519,0.300285012,0,682.815519,0,0,682.815519,0,1,1
109#,109,#,S1,21,Coinfected,2980000,993333.3333,P-E-R Coinfection,GxBxH,168_172_24  ,P1-E2-R,,,,3,Mtr,0.008660701,0.004511201,0.002244353,8.660701,2.244353,,10.905054,0,1,0
109M,109,M,S2,40,Coinfected,2980000,993333.3333,P-E-R Coinfection,GxBxH,168_172_24  ,P1-E2-R,,,,3,Mtr,0,0,0.025972721,0,25.972721,0,25.972721,0,1,1
117#,117,#,S1,21,Coinfected,2980000,993333.3333,P-E-R Coinfection,GxBxH,168_172_24  ,P1-E2-R,,,,3,Mtr,0.106796209,0.05046764,0,106.796209,0,0,106.796209,0,1,0
117M,117,M,S2,35,Coinfected,2980000,993333.3333,P-E-R Coinfection,GxBxH,168_172_24  ,P1-E2-R,,,,3,Mtr,0.224908977,0.103259151,0,224.908977,0,0,224.908977,0,1,1
119#,119,#,S1,21,Coinfected,2980000,993333.3333,P-E-R Coinfection,GxBxH,168_172_24  ,P1-E2-R,,,,3,Mtr,0.027514003,0.013703699,0.004636395,27.514003,4.636395,,32.150398,0,1,0
119M,119,M,S2,51,Coinfected,2980000,993333.3333,P-E-R Coinfection,GxBxH,168_172_24  ,P1-E2-R,,,,3,Mtr,0.279631851,0.127304261,0,279.631851,0,0,279.631851,0,1,1
132#,132,#,S1,21,Coinfected,2980000,993333.3333,P-E-R Coinfection,GxBxH,168_172_24  ,P1-E2-R,,,,3,Mtr,0.268537219,0.122445319,0,268.537219,0,0,268.537219,0,1,0
132M,132,M,S2,27,Coinfected,2980000,993333.3333,P-E-R Coinfection,GxBxH,168_172_24  ,P1-E2-R,,,,3,Mtr,0.018200972,0.009211568,0,18.200972,0,0,18.200972,0,1,1
211#,211,#,S1,21,Coinfected,2980000,993333.3333,P-E-R Coinfection,GxBxH,168_172_24  ,P1-E2-R,,,,3,Mtr,0.003619323,0.001950077,0,3.619323,0,0,3.619323,0,1,0
211F,211,F,S2,76,Coinfected,2980000,993333.3333,P-E-R Coinfection,GxBxH,168_172_24  ,P1-E2-R,,,,3,Mtr,0,0,1.14E-04,0,0.114,0,0.114,0,1,0
221#,221,#,S1,21,Coinfected,2980000,993333.3333,P-E-R Coinfection,GxBxH,168_172_24  ,P1-E2-R,,,,3,Mtr,0.00814473,0.004252553,0,8.14473,0,0,8.14473,0,1,0
221F,221,F,S2,76,Coinfected,2980000,993333.3333,P-E-R Coinfection,GxBxH,168_172_24  ,P1-E2-R,,,,3,Mtr,0,0,0.010636104,0,10.636104,0,10.636104,0,1,0
236#,236,#,S1,21,Coinfected,2980000,993333.3333,P-E-R Coinfection,GxBxH,168_172_24  ,P1-E2-R,,,,3,Mtr,0.000158915,9.66E-05,0,0.158915,0,0,0.158915,0,1,0
236F,236,F,S2,76,Coinfected,2980000,993333.3333,P-E-R Coinfection,GxBxH,168_172_24  ,P1-E2-R,,,,3,Mtr,1.34E-05,8.94E-06,6.01E-06,0,0,0,0,1,0,0
256#,256,#,S1,21,Coinfected,2980000,993333.3333,P-E-R Coinfection,GxBxH,168_172_24  ,P1-E2-R,,,,3,Mtr,0.014834551,0.007567556,0.003779972,14.834551,3.779972,,18.614523,0,1,0
256M,256,M,S2,45,Coinfected,2980000,993333.3333,P-E-R Coinfection,GxBxH,168_172_24  ,P1-E2-R,,,,3,Mtr,0.175301495,0.08126462,0.057151964,175.301495,57.151964,,232.453459,0,1,1
294#,294,#,S1,21,Coinfected,2980000,993333.3333,P-E-R Coinfection,GxBxH,168_172_24  ,P1-E2-R,,,,3,Mtr,0.024503744,0.012259329,0,24.503744,0,0,24.503744,0,1,0
294M,294,M,S2,37,Coinfected,2980000,993333.3333,P-E-R Coinfection,GxBxH,168_172_24  ,P1-E2-R,,,,3,Mtr,0.825577045,0.360406283,0,825.577045,0,0,825.577045,0,1,1
298#,298,#,S1,21,Coinfected,2980000,993333.3333,P-E-R Coinfection,GxBxH,168_172_24  ,P1-E2-R,,,,3,Mtr,0.041912882,0.020537489,0,41.912882,0,0,41.912882,0,1,0
298M,298,M,S2,65,Coinfected,2980000,993333.3333,P-E-R Coinfection,GxBxH,168_172_24  ,P1-E2-R,,,,3,Mtr,0.014598296,0.00745167,0.102324075,14.598296,102.324075,,116.922371,0,1,1
311#,311,#,S1,21,Coinfected,2980000,993333.3333,P-E-R Coinfection,GxBxH,168_172_24  ,P1-E2-R,,,,3,Mtr,0.008893493,0.004627699,0,8.893493,0,0,8.893493,0,1,0
311F,311,F,S2,76,Coinfected,2980000,993333.3333,P-E-R Coinfection,GxBxH,168_172_24  ,P1-E2-R,,,,3,Mtr,0,0,5.70E-05,0,0,0,0,1,0,0
313#,313,#,S1,21,Coinfected,2980000,993333.3333,P-E-R Coinfection,GxBxH,168_172_24  ,P1-E2-R,,,,3,Mtr,0.04309959,0.021096142,0,43.09959,0,0,43.09959,0,1,0
313M,313,M,S2,38,Coinfected,2980000,993333.3333,P-E-R Coinfection,GxBxH,168_172_24  ,P1-E2-R,,,,3,Mtr,0.223656573,0.102706378,0,223.656573,0,0,223.656573,0,1,1
2#,2,#,S1,21,Coinfected,2980000,993333.3333,P-E-R Coinfection,GxBxH,198_41_24  ,P2-E1-R,,,,3,Mtr,0.017613553,0.008925615,0,17.613553,0,0,17.613553,0,1,0
2M,2,M,S2,44,Coinfected,2980000,993333.3333,P-E-R Coinfection,GxBxH,198_41_24  ,P2-E1-R,,,,3,Mtr,0.150032477,0.069971476,0.229435449,150.032477,229.435449,,379.467926,0,1,1
6#,6,#,S1,21,Coinfected,2980000,993333.3333,P-E-R Coinfection,GxBxH,198_41_24  ,P2-E1-R,,,,3,Mtr,0.003300751,0.001784794,0.000923418,3.300751,0.923418,,4.224169,0,1,0
6F,6,F,S2,76,Coinfected,2980000,993333.3333,P-E-R Coinfection,GxBxH,198_41_24  ,P2-E1-R,,,,3,Mtr,0.00067166,0.000386298,0.005861394,0.67166,5.861394,,6.533054,0,1,0
20#,20,#,S1,21,Coinfected,2980000,993333.3333,P-E-R Coinfection,GxBxH,198_41_24  ,P2-E1-R,,,,3,Mtr,0.00420242,0.002251178,0.00324317,4.20242,3.24317,,7.44559,0,1,0
20F,20,F,S2,76,Coinfected,2980000,993333.3333,P-E-R Coinfection,GxBxH,198_41_24  ,P2-E1-R,,,,3,Mtr,0.031702339,0.015703282,0.138162371,31.702339,138.162371,,169.86471,0,1,0
56#,56,#,S1,21,Coinfected,2980000,993333.3333,P-E-R Coinfection,GxBxH,198_41_24  ,P2-E1-R,,,,3,Mtr,0.041015703,0.020114729,0,41.015703,0,0,41.015703,0,1,0
56M,56,M,S2,33,Coinfected,2980000,993333.3333,P-E-R Coinfection,GxBxH,198_41_24  ,P2-E1-R,,,,3,Mtr,0.036604818,0.018030894,0.016671048,36.604818,16.671048,,53.275866,0,1,1
63#,63,#,S1,21,Coinfected,2980000,993333.3333,P-E-R Coinfection,GxBxH,198_41_24  ,P2-E1-R,,,,3,Mtr,0.027075815,0.013493847,0.007252462,27.075815,7.252462,,34.328277,0,1,0
63M,63,M,S2,34,Coinfected,2980000,993333.3333,P-E-R Coinfection,GxBxH,198_41_24  ,P2-E1-R,,,,3,Mtr,0.286947759,0.130504189,0.216119936,286.947759,216.119936,,503.067695,0,1,1
79#,79,#,S1,21,Coinfected,2980000,993333.3333,P-E-R Coinfection,GxBxH,198_41_24  ,P2-E1-R,,,,3,Mtr,0.008930818,0.004646367,0,8.930818,0,0,8.930818,0,1,0
79F,79,F,S2,76,Coinfected,2980000,993333.3333,P-E-R Coinfection,GxBxH,198_41_24  ,P2-E1-R,,,,3,Mtr,0.000583738,0.000337561,0.001164266,0.583738,1.164266,,1.748004,0,1,0
94#,94,#,S1,21,Coinfected,2980000,993333.3333,P-E-R Coinfection,GxBxH,198_41_24  ,P2-E1-R,,,,3,Mtr,0.017811366,0.00902195,0.010515329,17.811366,10.515329,,28.326695,0,1,0
94M,94,M,S2,42,Coinfected,2980000,993333.3333,P-E-R Coinfection,GxBxH,198_41_24  ,P2-E1-R,,,,3,Mtr,0,0,0.167091684,0,167.091684,0,167.091684,0,1,1
159#,159,#,S1,21,Coinfected,2980000,993333.3333,P-E-R Coinfection,GxBxH,198_41_24  ,P2-E1-R,,,,3,Mtr,0.00473518,0.002524863,0.002902894,4.73518,2.902894,,7.638074,0,1,0
159F,159,F,S2,76,Coinfected,2980000,993333.3333,P-E-R Coinfection,GxBxH,198_41_24  ,P2-E1-R,,,,3,Mtr,2.16E-05,1.42E-05,0.000196826,0,0.196826,0,0.196826,0,1,0
168#,168,#,S1,21,Coinfected,2980000,993333.3333,P-E-R Coinfection,GxBxH,198_41_24  ,P2-E1-R,,,,3,Mtr,0.000116403,7.17E-05,0,0.116403,0,0,0.116403,0,1,0
168F,168,F,S2,76,Coinfected,2980000,993333.3333,P-E-R Coinfection,GxBxH,198_41_24  ,P2-E1-R,,,,3,Mtr,2.68E-06,1.91E-06,3.51E-06,0,0,0,0,1,0,0
202#,202,#,S1,21,Coinfected,2980000,993333.3333,P-E-R Coinfection,GxBxH,198_41_24  ,P2-E1-R,,,,3,Mtr,0.008282321,0.004321585,0.002589606,8.282321,2.589606,,10.871927,0,1,0
202M,202,M,S2,40,Coinfected,2980000,993333.3333,P-E-R Coinfection,GxBxH,198_41_24  ,P2-E1-R,,,,3,Mtr,0.511450021,0.227455925,0.042641105,511.450021,42.641105,,554.091126,0,1,1
208#,208,#,S1,21,Coinfected,2980000,993333.3333,P-E-R Coinfection,GxBxH,198_41_24  ,P2-E1-R,,,,3,Mtr,0.001493637,0.000832849,0.000998255,1.493637,0.998255,,2.491892,0,1,0
208F,208,F,S2,76,Coinfected,2980000,993333.3333,P-E-R Coinfection,GxBxH,198_41_24  ,P2-E1-R,,,,3,Mtr,2.21E-05,1.45E-05,5.19E-05,0,0,0,0,1,0,0
232#,232,#,S1,21,Coinfected,2980000,993333.3333,P-E-R Coinfection,GxBxH,198_41_24  ,P2-E1-R,,,,3,Mtr,0.000887365,0.00050488,0,0.887365,0,0,0.887365,0,1,0
232F,232,F,S2,76,Coinfected,2980000,993333.3333,P-E-R Coinfection,GxBxH,198_41_24  ,P2-E1-R,,,,3,Mtr,7.61E-06,5.21E-06,1.55E-06,0,0,0,0,1,0,0
272#,272,#,S1,21,Coinfected,2980000,993333.3333,P-E-R Coinfection,GxBxH,198_41_24  ,P2-E1-R,,,,3,Mtr,0.009875145,0.00511769,0.002095717,9.875145,2.095717,,11.970862,0,1,0
272M,272,M,S2,42,Coinfected,2980000,993333.3333,P-E-R Coinfection,GxBxH,198_41_24  ,P2-E1-R,,,,3,Mtr,0,0,0,0,0,0,0,1,0,1
297#,297,#,S1,21,Coinfected,2980000,993333.3333,P-E-R Coinfection,GxBxH,198_41_24  ,P2-E1-R,,,,3,Mtr,0.003194223,0.001729389,0.002336663,3.194223,2.336663,,5.530886,0,1,0
297M,297,M,S2,55,Coinfected,2980000,993333.3333,P-E-R Coinfection,GxBxH,198_41_24  ,P2-E1-R,,,,3,Mtr,0.010168933,0.005263958,0.038192806,10.168933,38.192806,,48.361739,0,1,1
315#,315,#,S1,21,Coinfected,2980000,993333.3333,P-E-R Coinfection,GxBxH,198_41_24  ,P2-E1-R,,,,3,Mtr,0.007381317,0.003868685,0.00093528,7.381317,0.93528,,8.316597,0,1,0
315F,315,F,S2,76,Coinfected,2980000,993333.3333,P-E-R Coinfection,GxBxH,198_41_24  ,P2-E1-R,,,,3,Mtr,6.76E-06,4.65E-06,4.66E-06,0,0,0,0,1,0,0
326#,326,#,S1,21,Coinfected,2980000,993333.3333,P-E-R Coinfection,GxBxH,198_41_24  ,P2-E1-R,,,,3,Mtr,0.002709094,0.001476128,0,2.709094,0,0,2.709094,0,1,0
326F,326,F,S2,76,Coinfected,2980000,993333.3333,P-E-R Coinfection,GxBxH,198_41_24  ,P2-E1-R,,,,3,Mtr,0.000362894,0.000213754,0.000844493,0.362894,0.844493,,1.207387,0,1,0
39#,39,#,S1,21,Coinfected,2980000,993333.3333,P-E-R Coinfection,GxBxH,198_172_24  ,P2-E2-R,,,,3,Mtr,0.005830051,0.003083705,0.002060815,5.830051,2.060815,,7.890866,0,1,0
39M,39,M,S2,43,Coinfected,2980000,993333.3333,P-E-R Coinfection,GxBxH,198_172_24  ,P2-E2-R,,,,3,Mtr,1.07409227,0.464138122,0.266693463,1074.09227,266.693463,,1340.785733,0,1,1
48#,48,#,S1,21,Coinfected,2980000,993333.3333,P-E-R Coinfection,GxBxH,198_172_24  ,P2-E2-R,,,,3,Mtr,0.004689133,0.002501257,0.002716114,4.689133,2.716114,,7.405247,0,1,0
48F,48,F,S2,76,Coinfected,2980000,993333.3333,P-E-R Coinfection,GxBxH,198_172_24  ,P2-E2-R,,,,3,Mtr,0.001241403,0.000697184,0.008901619,1.241403,8.901619,,10.143022,0,1,0
55#,55,#,S1,21,Coinfected,2980000,993333.3333,P-E-R Coinfection,GxBxH,198_172_24  ,P2-E2-R,,,,3,Mtr,0.001674789,0.000929726,0,1.674789,0,,1.674789,0,1,0
55M,55,M,S2,44,Coinfected,2980000,993333.3333,P-E-R Coinfection,GxBxH,198_172_24  ,P2-E2-R,,,,3,Mtr,0.120503359,0.056679219,0.022737938,120.503359,22.737938,,143.241297,0,1,1
71#,71,#,S1,21,Coinfected,2980000,993333.3333,P-E-R Coinfection,GxBxH,198_172_24  ,P2-E2-R,,,,3,Mtr,0.030064406,0.014922605,0.014198249,30.064406,14.198249,,44.262655,0,1,0
71M,71,M,S2,35,Coinfected,2980000,993333.3333,P-E-R Coinfection,GxBxH,198_172_24  ,P2-E2-R,,,,3,Mtr,0.418894837,0.187740973,0.101162159,418.894837,101.162159,,520.056996,0,1,1
82#,82,#,S1,21,Coinfected,2980000,993333.3333,P-E-R Coinfection,GxBxH,198_172_24  ,P2-E2-R,,,,3,Mtr,0.003935539,0.002113581,0.001225251,3.935539,1.225251,,5.16079,0,1,0
82M,82,M,S2,45,Coinfected,2980000,993333.3333,P-E-R Coinfection,GxBxH,198_172_24  ,P2-E2-R,,,,3,Mtr,0.352803135,0.159175626,0.062074943,352.803135,62.074943,,414.878078,0,1,1
88#,88,#,S1,21,Coinfected,2980000,993333.3333,P-E-R Coinfection,GxBxH,198_172_24  ,P2-E2-R,,,,3,Mtr,0.00147808,0.000824509,0.0017981,1.47808,1.7981,,3.27618,0,1,0
88F,88,F,S2,76,Coinfected,2980000,993333.3333,P-E-R Coinfection,GxBxH,198_172_24  ,P2-E2-R,,,,3,Mtr,0.000690677,0.000396806,0.005005412,0.690677,5.005412,,5.696089,0,1,0
123#,123,#,S1,21,Coinfected,2980000,993333.3333,P-E-R Coinfection,GxBxH,198_172_24  ,P2-E2-R,,,,3,Mtr,3.37E-05,2.18E-05,3.72E-05,0,0,,0,1,0,0
123F,123,F,S2,76,Coinfected,2980000,993333.3333,P-E-R Coinfection,GxBxH,198_172_24  ,P2-E2-R,,,,3,Mtr,1.77E-06,1.28E-06,6.78E-06,0,0,,0,1,0,0
124#,124,#,S1,21,Coinfected,2980000,993333.3333,P-E-R Coinfection,GxBxH,198_172_24  ,P2-E2-R,,,,3,Mtr,0.001620737,0.000900864,0.000980312,1.620737,0.980312,,2.601049,0,1,0
124M,124,M,S2,47,Coinfected,2980000,993333.3333,P-E-R Coinfection,GxBxH,198_172_24  ,P2-E2-R,,,,3,Mtr,0,0,0.052796452,0,52.796452,0,52.796452,0,1,1
137#,137,#,S1,21,Coinfected,2980000,993333.3333,P-E-R Coinfection,GxBxH,198_172_24  ,P2-E2-R,,,,3,Mtr,0.00214573,0.001179775,0.000586376,2.14573,0.586376,,2.732106,0,1,0
137F,137,F,S2,76,Coinfected,2980000,993333.3333,P-E-R Coinfection,GxBxH,198_172_24  ,P2-E2-R,,,,3,Mtr,0.002101265,0.001156265,0.001333477,2.101265,1.333477,,3.434742,0,1,0
154#,154,#,S1,21,Coinfected,2980000,993333.3333,P-E-R Coinfection,GxBxH,198_172_24  ,P2-E2-R,,,,3,Mtr,0.003811183,0.002049344,0.002268606,3.811183,2.268606,,6.079789,0,1,0
154F,154,F,S2,76,Coinfected,2980000,993333.3333,P-E-R Coinfection,GxBxH,198_172_24  ,P2-E2-R,,,,3,Mtr,0.000295773,0.000175605,0.00191917,0.295773,1.91917,,2.214943,0,1,0
158#,158,#,S1,21,Coinfected,2980000,993333.3333,P-E-R Coinfection,GxBxH,198_172_24  ,P2-E2-R,,,,3,Mtr,0.000161374,9.81E-05,1.12E-04,0.161374,0.112,,0.273374,0,1,0
158F,158,F,S2,76,Coinfected,2980000,993333.3333,P-E-R Coinfection,GxBxH,198_172_24  ,P2-E2-R,,,,3,Mtr,0,0,0.000415161,0,0.415161,0,0.415161,0,1,0
174#,174,#,S1,21,Coinfected,2980000,993333.3333,P-E-R Coinfection,GxBxH,198_172_24  ,P2-E2-R,,,,3,Mtr,0.001743984,0.000966619,0.000550123,1.743984,0.550123,,2.294107,0,1,0
174F,174,F,S2,76,Coinfected,2980000,993333.3333,P-E-R Coinfection,GxBxH,198_172_24  ,P2-E2-R,,,,3,Mtr,1.61E-05,1.07E-05,1.11E-04,0,0.111,0,0.111,0,1,0
216#,216,#,S1,21,Coinfected,2980000,993333.3333,P-E-R Coinfection,GxBxH,198_172_24  ,P2-E2-R,,,,3,Mtr,0.001111775,0.000627058,0.00038121,1.111775,0.38121,,1.492985,0,1,0
216F,216,F,S2,76,Coinfected,2980000,993333.3333,P-E-R Coinfection,GxBxH,198_172_24  ,P2-E2-R,,,,3,Mtr,0,0,0.000265407,0,0.265407,0,0.265407,0,1,0
245#,245,#,S1,21,Coinfected,2980000,993333.3333,P-E-R Coinfection,GxBxH,198_172_24  ,P2-E2-R,,,,3,Mtr,0.000892334,0.000507597,0.000946023,0.892334,0.946023,,1.838357,0,1,0
245M,245,M,S2,49,Coinfected,2980000,993333.3333,P-E-R Coinfection,GxBxH,198_172_24  ,P2-E2-R,,,,3,Mtr,0.837183036,0.36527521,0.140596743,837.183036,140.596743,,977.779779,0,1,1
308#,308,#,S1,21,Coinfected,2980000,993333.3333,P-E-R Coinfection,GxBxH,198_172_24  ,P2-E2-R,,,,3,Mtr,3.91E-05,2.51E-05,1.52E-05,0,0,0,0,1,0,0
308F,308,F,S2,76,Coinfected,2980000,993333.3333,P-E-R Coinfection,GxBxH,198_172_24  ,P2-E2-R,,,,3,Mtr,0,0,1.29E-06,0,0,0,0,1,0,0
310#,310,#,S1,21,Coinfected,2980000,993333.3333,P-E-R Coinfection,GxBxH,198_172_24  ,P2-E2-R,,,,3,Mtr,0.001530577,0.000852639,0,1.530577,0,0,1.530577,0,1,0
310F,310,F,S2,76,Coinfected,2980000,993333.3333,P-E-R Coinfection,GxBxH,198_172_24  ,P2-E2-R,,,,3,Mtr,0,0,1.59E-05,0,0,0,0,1,0,0